,algorithm_name,iterations,start_solution_costs,end_solution_costs,start_fleet,start_costs_spacecraft,start_packed_mass_vol,start_packed_parcels,end_fleet,end_costs_spacecraft,end_packed_mass_vol,end_packed_parcels
0,random all,2000,2086734117,2086729047,"['Progress', 'Progress', 'Cygnus', 'Progress', 'Dragon', 'Cygnus', 'Kounotori']","[176768522, 176701702, 391850986, 176808022, 350155081, 391851243, 422598561]","[[2168.4000000000033, 7.0790000000000015], [1880.7000000000005, 7.3720000000000026], [1854.899999999999, 8.979999999999988], [2381.800000000001, 7.404000000000002], [3731.700000000004, 9.173000000000009], [1632.4999999999993, 7.821999999999994], [2277.9000000000033, 5.644000000000004]]","[['CL1#48', 'CL1#95', 'CL1#13', 'CL1#64', 'CL1#24', 'CL1#11', 'CL1#89', 'CL1#59', 'CL1#62', 'CL1#55', 'CL1#28', 'CL1#79', 'CL1#2'], ['CL1#50', 'CL1#29', 'CL1#53', 'CL1#15', 'CL1#72', 'CL1#38', 'CL1#51', 'CL1#42', 'CL1#65', 'CL1#8', 'CL1#94'], ['CL1#98', 'CL1#19', 'CL1#22', 'CL1#60', 'CL1#47', 'CL1#92', 'CL1#3', 'CL1#14', 'CL1#43', 'CL1#31', 'CL1#99', 'CL1#69', 'CL1#78', 'CL1#57'], ['CL1#83', 'CL1#80', 'CL1#91', 'CL1#25', 'CL1#46', 'CL1#26', 'CL1#12', 'CL1#17', 'CL1#33', 'CL1#16', 'CL1#68', 'CL1#41', 'CL1#67', 'CL1#9', 'CL1#77', 'CL1#52'], ['CL1#84', 'CL1#36', 'CL1#21', 'CL1#97', 'CL1#1', 'CL1#66', 'CL1#4', 'CL1#37', 'CL1#39', 'CL1#82', 'CL1#100', 'CL1#86', 'CL1#58', 'CL1#27', 'CL1#90', 'CL1#56', 'CL1#73', 'CL1#30', 'CL1#87', 'CL1#6', 'CL1#88'], ['CL1#35', 'CL1#93', 'CL1#54', 'CL1#61', 'CL1#49', 'CL1#7', 'CL1#10', 'CL1#23', 'CL1#44', 'CL1#20', 'CL1#70', 'CL1#63', 'CL1#40'], ['CL1#76', 'CL1#81', 'CL1#5', 'CL1#85', 'CL1#32', 'CL1#18', 'CL1#34', 'CL1#45', 'CL1#71', 'CL1#96', 'CL1#75', 'CL1#74']]","['Progress', 'Progress', 'Cygnus', 'Progress', 'Dragon', 'Cygnus', 'Kounotori']","[176768522, 176701702, 391850986, 176808022, 350155081, 391851243, 422598561]","[[2168.4000000000033, 7.0790000000000015], [1880.7000000000005, 7.3720000000000026], [1854.899999999999, 8.979999999999988], [2381.800000000001, 7.404000000000002], [3731.700000000004, 9.173000000000009], [1632.4999999999993, 7.821999999999994], [2277.9000000000033, 5.644000000000004]]","[['CL1#48', 'CL1#95', 'CL1#13', 'CL1#64', 'CL1#24', 'CL1#11', 'CL1#89', 'CL1#59', 'CL1#62', 'CL1#55', 'CL1#28', 'CL1#79', 'CL1#2'], ['CL1#50', 'CL1#29', 'CL1#53', 'CL1#15', 'CL1#72', 'CL1#38', 'CL1#51', 'CL1#42', 'CL1#65', 'CL1#8', 'CL1#94'], ['CL1#98', 'CL1#19', 'CL1#22', 'CL1#60', 'CL1#47', 'CL1#92', 'CL1#3', 'CL1#14', 'CL1#43', 'CL1#31', 'CL1#99', 'CL1#69', 'CL1#78', 'CL1#57'], ['CL1#83', 'CL1#80', 'CL1#91', 'CL1#25', 'CL1#46', 'CL1#26', 'CL1#12', 'CL1#17', 'CL1#33', 'CL1#16', 'CL1#68', 'CL1#41', 'CL1#67', 'CL1#9', 'CL1#77', 'CL1#52'], ['CL1#84', 'CL1#36', 'CL1#21', 'CL1#97', 'CL1#1', 'CL1#66', 'CL1#4', 'CL1#37', 'CL1#39', 'CL1#82', 'CL1#100', 'CL1#86', 'CL1#58', 'CL1#27', 'CL1#90', 'CL1#56', 'CL1#73', 'CL1#30', 'CL1#87', 'CL1#6', 'CL1#88'], ['CL1#35', 'CL1#93', 'CL1#54', 'CL1#61', 'CL1#49', 'CL1#7', 'CL1#10', 'CL1#23', 'CL1#44', 'CL1#20', 'CL1#70', 'CL1#63', 'CL1#40'], ['CL1#76', 'CL1#81', 'CL1#5', 'CL1#85', 'CL1#32', 'CL1#18', 'CL1#34', 'CL1#45', 'CL1#71', 'CL1#96', 'CL1#75', 'CL1#74']]"
1,random all,2000,1795534452,1795528384,"['Progress', 'Dragon', 'Kounotori', 'Kounotori', 'Kounotori']","[176724058, 350159133, 422960472, 423033731, 422657058]","[[1826.8000000000022, 7.164000000000012], [3694.7999999999997, 9.315999999999992], [3952.6000000000035, 12.417999999999996], [4061.500000000001, 13.876000000000001], [2392.2000000000003, 10.699999999999994]]","[['CL1#36', 'CL1#64', 'CL1#7', 'CL1#13', 'CL1#4', 'CL1#67', 'CL1#99', 'CL1#1', 'CL1#100', 'CL1#39', 'CL1#83', 'CL1#12', 'CL1#62'], ['CL1#19', 'CL1#54', 'CL1#34', 'CL1#17', 'CL1#22', 'CL1#49', 'CL1#61', 'CL1#45', 'CL1#96', 'CL1#11', 'CL1#85', 'CL1#29', 'CL1#80', 'CL1#18', 'CL1#6', 'CL1#23', 'CL1#30', 'CL1#86', 'CL1#53', 'CL1#70'], ['CL1#74', 'CL1#87', 'CL1#91', 'CL1#89', 'CL1#14', 'CL1#3', 'CL1#25', 'CL1#43', 'CL1#76', 'CL1#27', 'CL1#31', 'CL1#82', 'CL1#66', 'CL1#2', 'CL1#75', 'CL1#52', 'CL1#16', 'CL1#24', 'CL1#92', 'CL1#69', 'CL1#5', 'CL1#42', 'CL1#60', 'CL1#59', 'CL1#21', 'CL1#35'], ['CL1#93', 'CL1#37', 'CL1#97', 'CL1#46', 'CL1#56', 'CL1#15', 'CL1#95', 'CL1#26', 'CL1#57', 'CL1#50', 'CL1#72', 'CL1#10', 'CL1#41', 'CL1#88', 'CL1#32', 'CL1#78', 'CL1#71', 'CL1#51', 'CL1#81', 'CL1#73', 'CL1#77', 'CL1#68', 'CL1#40', 'CL1#79', 'CL1#63', 'CL1#58'], ['CL1#48', 'CL1#20', 'CL1#55', 'CL1#9', 'CL1#28', 'CL1#98', 'CL1#47', 'CL1#38', 'CL1#90', 'CL1#8', 'CL1#44', 'CL1#94', 'CL1#33', 'CL1#65', 'CL1#84']]","['Progress', 'Dragon', 'Kounotori', 'Kounotori', 'Kounotori']","[176724058, 350159133, 422960472, 423033731, 422657058]","[[1826.8000000000022, 7.164000000000012], [3694.7999999999997, 9.315999999999992], [3952.6000000000035, 12.417999999999996], [4061.500000000001, 13.876000000000001], [2392.2000000000003, 10.699999999999994]]","[['CL1#36', 'CL1#64', 'CL1#7', 'CL1#13', 'CL1#4', 'CL1#67', 'CL1#99', 'CL1#1', 'CL1#100', 'CL1#39', 'CL1#83', 'CL1#12', 'CL1#62'], ['CL1#19', 'CL1#54', 'CL1#34', 'CL1#17', 'CL1#22', 'CL1#49', 'CL1#61', 'CL1#45', 'CL1#96', 'CL1#11', 'CL1#85', 'CL1#29', 'CL1#80', 'CL1#18', 'CL1#6', 'CL1#23', 'CL1#30', 'CL1#86', 'CL1#53', 'CL1#70'], ['CL1#74', 'CL1#87', 'CL1#91', 'CL1#89', 'CL1#14', 'CL1#3', 'CL1#25', 'CL1#43', 'CL1#76', 'CL1#27', 'CL1#31', 'CL1#82', 'CL1#66', 'CL1#2', 'CL1#75', 'CL1#52', 'CL1#16', 'CL1#24', 'CL1#92', 'CL1#69', 'CL1#5', 'CL1#42', 'CL1#60', 'CL1#59', 'CL1#21', 'CL1#35'], ['CL1#93', 'CL1#37', 'CL1#97', 'CL1#46', 'CL1#56', 'CL1#15', 'CL1#95', 'CL1#26', 'CL1#57', 'CL1#50', 'CL1#72', 'CL1#10', 'CL1#41', 'CL1#88', 'CL1#32', 'CL1#78', 'CL1#71', 'CL1#51', 'CL1#81', 'CL1#73', 'CL1#77', 'CL1#68', 'CL1#40', 'CL1#79', 'CL1#63', 'CL1#58'], ['CL1#48', 'CL1#20', 'CL1#55', 'CL1#9', 'CL1#28', 'CL1#98', 'CL1#47', 'CL1#38', 'CL1#90', 'CL1#8', 'CL1#44', 'CL1#94', 'CL1#33', 'CL1#65', 'CL1#84']]"
2,random all,2000,1983144199,1983137466,"['Kounotori', 'Progress', 'Cygnus', 'Kounotori', 'Progress', 'Cygnus']","[423192892, 176784395, 391849547, 423039867, 176696795, 391580703]","[[4973.5999999999985, 13.853999999999989], [2395.5000000000005, 6.600000000000006], [1731.6000000000008, 8.967000000000004], [4508.899999999998, 13.927000000000008], [1993.4000000000037, 7.239000000000008], [324.9000000000005, 2.886999999999995]]","[['CL1#92', 'CL1#87', 'CL1#72', 'CL1#80', 'CL1#94', 'CL1#19', 'CL1#75', 'CL1#52', 'CL1#37', 'CL1#89', 'CL1#2', 'CL1#45', 'CL1#59', 'CL1#69', 'CL1#49', 'CL1#34', 'CL1#58', 'CL1#35', 'CL1#17', 'CL1#96', 'CL1#23', 'CL1#27', 'CL1#48', 'CL1#97', 'CL1#71', 'CL1#74', 'CL1#12', 'CL1#1', 'CL1#20', 'CL1#86'], ['CL1#15', 'CL1#85', 'CL1#16', 'CL1#7', 'CL1#77', 'CL1#83', 'CL1#11', 'CL1#66', 'CL1#41', 'CL1#21', 'CL1#31', 'CL1#32', 'CL1#79', 'CL1#13', 'CL1#14', 'CL1#76', 'CL1#81'], ['CL1#44', 'CL1#42', 'CL1#61', 'CL1#22', 'CL1#57', 'CL1#98', 'CL1#55', 'CL1#30', 'CL1#54', 'CL1#62', 'CL1#73', 'CL1#93'], ['CL1#38', 'CL1#36', 'CL1#63', 'CL1#47', 'CL1#90', 'CL1#6', 'CL1#95', 'CL1#88', 'CL1#53', 'CL1#67', 'CL1#100', 'CL1#56', 'CL1#82', 'CL1#60', 'CL1#9', 'CL1#70', 'CL1#64', 'CL1#10', 'CL1#51', 'CL1#68', 'CL1#40', 'CL1#25', 'CL1#46', 'CL1#33', 'CL1#26', 'CL1#8'], ['CL1#4', 'CL1#18', 'CL1#65', 'CL1#78', 'CL1#39', 'CL1#91', 'CL1#28', 'CL1#43', 'CL1#84', 'CL1#24', 'CL1#3', 'CL1#29'], ['CL1#5', 'CL1#99', 'CL1#50']]","['Kounotori', 'Progress', 'Cygnus', 'Kounotori', 'Progress', 'Cygnus']","[423192892, 176784395, 391849547, 423039867, 176696795, 391580703]","[[4973.5999999999985, 13.853999999999989], [2395.5000000000005, 6.600000000000006], [1731.6000000000008, 8.967000000000004], [4508.899999999998, 13.927000000000008], [1993.4000000000037, 7.239000000000008], [324.9000000000005, 2.886999999999995]]","[['CL1#92', 'CL1#87', 'CL1#72', 'CL1#80', 'CL1#94', 'CL1#19', 'CL1#75', 'CL1#52', 'CL1#37', 'CL1#89', 'CL1#2', 'CL1#45', 'CL1#59', 'CL1#69', 'CL1#49', 'CL1#34', 'CL1#58', 'CL1#35', 'CL1#17', 'CL1#96', 'CL1#23', 'CL1#27', 'CL1#48', 'CL1#97', 'CL1#71', 'CL1#74', 'CL1#12', 'CL1#1', 'CL1#20', 'CL1#86'], ['CL1#15', 'CL1#85', 'CL1#16', 'CL1#7', 'CL1#77', 'CL1#83', 'CL1#11', 'CL1#66', 'CL1#41', 'CL1#21', 'CL1#31', 'CL1#32', 'CL1#79', 'CL1#13', 'CL1#14', 'CL1#76', 'CL1#81'], ['CL1#44', 'CL1#42', 'CL1#61', 'CL1#22', 'CL1#57', 'CL1#98', 'CL1#55', 'CL1#30', 'CL1#54', 'CL1#62', 'CL1#73', 'CL1#93'], ['CL1#38', 'CL1#36', 'CL1#63', 'CL1#47', 'CL1#90', 'CL1#6', 'CL1#95', 'CL1#88', 'CL1#53', 'CL1#67', 'CL1#100', 'CL1#56', 'CL1#82', 'CL1#60', 'CL1#9', 'CL1#70', 'CL1#64', 'CL1#10', 'CL1#51', 'CL1#68', 'CL1#40', 'CL1#25', 'CL1#46', 'CL1#33', 'CL1#26', 'CL1#8'], ['CL1#4', 'CL1#18', 'CL1#65', 'CL1#78', 'CL1#39', 'CL1#91', 'CL1#28', 'CL1#43', 'CL1#84', 'CL1#24', 'CL1#3', 'CL1#29'], ['CL1#5', 'CL1#99', 'CL1#50']]"
3,random all,2000,2041552199,2041543116,"['Cygnus', 'Dragon', 'Kounotori', 'Dragon', 'Progress', 'Dragon']","[391851243, 350293399, 422986765, 350014445, 176702548, 349703799]","[[1672.3999999999999, 8.147999999999996], [3153.900000000002, 9.807000000000011], [4371.199999999999, 12.665999999999993], [3095.8, 9.643000000000004], [1874.0, 7.478999999999996], [1760.600000000001, 5.730999999999997]]","[['CL1#16', 'CL1#65', 'CL1#13', 'CL1#28', 'CL1#24', 'CL1#68', 'CL1#66', 'CL1#82', 'CL1#20', 'CL1#91', 'CL1#93', 'CL1#31', 'CL1#15'], ['CL1#48', 'CL1#94', 'CL1#62', 'CL1#35', 'CL1#43', 'CL1#58', 'CL1#47', 'CL1#99', 'CL1#67', 'CL1#80', 'CL1#52', 'CL1#3', 'CL1#26', 'CL1#74', 'CL1#22', 'CL1#77', 'CL1#14', 'CL1#19', 'CL1#75', 'CL1#59', 'CL1#21', 'CL1#81', 'CL1#87'], ['CL1#2', 'CL1#54', 'CL1#69', 'CL1#53', 'CL1#61', 'CL1#49', 'CL1#57', 'CL1#78', 'CL1#84', 'CL1#79', 'CL1#100', 'CL1#27', 'CL1#4', 'CL1#46', 'CL1#40', 'CL1#23', 'CL1#42', 'CL1#72', 'CL1#17', 'CL1#11', 'CL1#32', 'CL1#56', 'CL1#10', 'CL1#90'], ['CL1#97', 'CL1#88', 'CL1#36', 'CL1#73', 'CL1#12', 'CL1#8', 'CL1#41', 'CL1#39', 'CL1#6', 'CL1#30', 'CL1#63', 'CL1#92', 'CL1#86', 'CL1#44', 'CL1#45', 'CL1#29', 'CL1#38', 'CL1#95', 'CL1#7'], ['CL1#64', 'CL1#33', 'CL1#50', 'CL1#60', 'CL1#83', 'CL1#25', 'CL1#85', 'CL1#37', 'CL1#9', 'CL1#55', 'CL1#1', 'CL1#76', 'CL1#70'], ['CL1#71', 'CL1#51', 'CL1#18', 'CL1#89', 'CL1#5', 'CL1#98', 'CL1#96', 'CL1#34']]","['Cygnus', 'Dragon', 'Kounotori', 'Dragon', 'Progress', 'Dragon']","[391851243, 350293399, 422986765, 350014445, 176702548, 349703799]","[[1672.3999999999999, 8.147999999999996], [3153.900000000002, 9.807000000000011], [4371.199999999999, 12.665999999999993], [3095.8, 9.643000000000004], [1874.0, 7.478999999999996], [1760.600000000001, 5.730999999999997]]","[['CL1#16', 'CL1#65', 'CL1#13', 'CL1#28', 'CL1#24', 'CL1#68', 'CL1#66', 'CL1#82', 'CL1#20', 'CL1#91', 'CL1#93', 'CL1#31', 'CL1#15'], ['CL1#48', 'CL1#94', 'CL1#62', 'CL1#35', 'CL1#43', 'CL1#58', 'CL1#47', 'CL1#99', 'CL1#67', 'CL1#80', 'CL1#52', 'CL1#3', 'CL1#26', 'CL1#74', 'CL1#22', 'CL1#77', 'CL1#14', 'CL1#19', 'CL1#75', 'CL1#59', 'CL1#21', 'CL1#81', 'CL1#87'], ['CL1#2', 'CL1#54', 'CL1#69', 'CL1#53', 'CL1#61', 'CL1#49', 'CL1#57', 'CL1#78', 'CL1#84', 'CL1#79', 'CL1#100', 'CL1#27', 'CL1#4', 'CL1#46', 'CL1#40', 'CL1#23', 'CL1#42', 'CL1#72', 'CL1#17', 'CL1#11', 'CL1#32', 'CL1#56', 'CL1#10', 'CL1#90'], ['CL1#97', 'CL1#88', 'CL1#36', 'CL1#73', 'CL1#12', 'CL1#8', 'CL1#41', 'CL1#39', 'CL1#6', 'CL1#30', 'CL1#63', 'CL1#92', 'CL1#86', 'CL1#44', 'CL1#45', 'CL1#29', 'CL1#38', 'CL1#95', 'CL1#7'], ['CL1#64', 'CL1#33', 'CL1#50', 'CL1#60', 'CL1#83', 'CL1#25', 'CL1#85', 'CL1#37', 'CL1#9', 'CL1#55', 'CL1#1', 'CL1#76', 'CL1#70'], ['CL1#71', 'CL1#51', 'CL1#18', 'CL1#89', 'CL1#5', 'CL1#98', 'CL1#96', 'CL1#34']]"
4,random all,2000,1722836138,1722827218,"['Kounotori', 'Dragon', 'Kounotori', 'Dragon', 'Progress']","[423091836, 350087565, 423172446, 349944590, 176539701]","[[4144.500000000001, 13.913000000000007], [3420.199999999999, 9.896000000000004], [4954.999999999997, 13.617], [2091.3999999999987, 9.698000000000008], [1316.7999999999995, 6.350000000000028]]","[['CL1#27', 'CL1#47', 'CL1#70', 'CL1#67', 'CL1#71', 'CL1#73', 'CL1#91', 'CL1#31', 'CL1#37', 'CL1#4', 'CL1#21', 'CL1#87', 'CL1#7', 'CL1#57', 'CL1#74', 'CL1#29', 'CL1#50', 'CL1#10', 'CL1#6', 'CL1#48', 'CL1#69', 'CL1#88', 'CL1#93', 'CL1#78', 'CL1#12', 'CL1#45', 'CL1#19', 'CL1#82', 'CL1#99'], ['CL1#60', 'CL1#61', 'CL1#64', 'CL1#49', 'CL1#13', 'CL1#46', 'CL1#16', 'CL1#65', 'CL1#34', 'CL1#77', 'CL1#17', 'CL1#24', 'CL1#80', 'CL1#33', 'CL1#11', 'CL1#59', 'CL1#55', 'CL1#95', 'CL1#68', 'CL1#58'], ['CL1#66', 'CL1#100', 'CL1#22', 'CL1#76', 'CL1#56', 'CL1#90', 'CL1#9', 'CL1#96', 'CL1#43', 'CL1#18', 'CL1#14', 'CL1#39', 'CL1#53', 'CL1#32', 'CL1#25', 'CL1#30', 'CL1#94', 'CL1#38', 'CL1#40', 'CL1#36', 'CL1#85', 'CL1#3', 'CL1#42', 'CL1#83', 'CL1#79', 'CL1#52', 'CL1#20', 'CL1#97', 'CL1#23'], ['CL1#8', 'CL1#63', 'CL1#81', 'CL1#35', 'CL1#98', 'CL1#41', 'CL1#75', 'CL1#62', 'CL1#92', 'CL1#72', 'CL1#26', 'CL1#86', 'CL1#44', 'CL1#2', 'CL1#84'], ['CL1#51', 'CL1#5', 'CL1#54', 'CL1#89', 'CL1#15', 'CL1#28', 'CL1#1']]","['Kounotori', 'Dragon', 'Kounotori', 'Dragon', 'Progress']","[423091836, 350087565, 423172446, 349944590, 176539701]","[[4144.500000000001, 13.913000000000007], [3420.199999999999, 9.896000000000004], [4954.999999999997, 13.617], [2091.3999999999987, 9.698000000000008], [1316.7999999999995, 6.350000000000028]]","[['CL1#27', 'CL1#47', 'CL1#70', 'CL1#67', 'CL1#71', 'CL1#73', 'CL1#91', 'CL1#31', 'CL1#37', 'CL1#4', 'CL1#21', 'CL1#87', 'CL1#7', 'CL1#57', 'CL1#74', 'CL1#29', 'CL1#50', 'CL1#10', 'CL1#6', 'CL1#48', 'CL1#69', 'CL1#88', 'CL1#93', 'CL1#78', 'CL1#12', 'CL1#45', 'CL1#19', 'CL1#82', 'CL1#99'], ['CL1#60', 'CL1#61', 'CL1#64', 'CL1#49', 'CL1#13', 'CL1#46', 'CL1#16', 'CL1#65', 'CL1#34', 'CL1#77', 'CL1#17', 'CL1#24', 'CL1#80', 'CL1#33', 'CL1#11', 'CL1#59', 'CL1#55', 'CL1#95', 'CL1#68', 'CL1#58'], ['CL1#66', 'CL1#100', 'CL1#22', 'CL1#76', 'CL1#56', 'CL1#90', 'CL1#9', 'CL1#96', 'CL1#43', 'CL1#18', 'CL1#14', 'CL1#39', 'CL1#53', 'CL1#32', 'CL1#25', 'CL1#30', 'CL1#94', 'CL1#38', 'CL1#40', 'CL1#36', 'CL1#85', 'CL1#3', 'CL1#42', 'CL1#83', 'CL1#79', 'CL1#52', 'CL1#20', 'CL1#97', 'CL1#23'], ['CL1#8', 'CL1#63', 'CL1#81', 'CL1#35', 'CL1#98', 'CL1#41', 'CL1#75', 'CL1#62', 'CL1#92', 'CL1#72', 'CL1#26', 'CL1#86', 'CL1#44', 'CL1#2', 'CL1#84'], ['CL1#51', 'CL1#5', 'CL1#54', 'CL1#89', 'CL1#15', 'CL1#28', 'CL1#1']]"
5,random all,2000,1868415852,1868417368,"['Progress', 'Cygnus', 'Dragon', 'Kounotori', 'Progress', 'Dragon']","[176789340, 391852524, 350272553, 422898455, 176799248, 349803732]","[[2238.8, 6.626999999999997], [1985.6, 8.56899999999999], [3243.799999999997, 9.993000000000002], [4404.200000000003, 13.570999999999984], [1913.3999999999994, 7.272000000000002], [2142.1000000000013, 7.44199999999997]]","[['CL1#58', 'CL1#34', 'CL1#79', 'CL1#33', 'CL1#100', 'CL1#98', 'CL1#70', 'CL1#87', 'CL1#22', 'CL1#17', 'CL1#97', 'CL1#85', 'CL1#13', 'CL1#7'], ['CL1#27', 'CL1#37', 'CL1#11', 'CL1#46', 'CL1#44', 'CL1#78', 'CL1#93', 'CL1#71', 'CL1#90', 'CL1#36', 'CL1#54', 'CL1#28', 'CL1#69'], ['CL1#56', 'CL1#38', 'CL1#95', 'CL1#4', 'CL1#96', 'CL1#67', 'CL1#31', 'CL1#41', 'CL1#15', 'CL1#26', 'CL1#77', 'CL1#91', 'CL1#81', 'CL1#21', 'CL1#23', 'CL1#14', 'CL1#32', 'CL1#42', 'CL1#49', 'CL1#35', 'CL1#66', 'CL1#55', 'CL1#6', 'CL1#60'], ['CL1#76', 'CL1#43', 'CL1#2', 'CL1#39', 'CL1#68', 'CL1#5', 'CL1#25', 'CL1#88', 'CL1#40', 'CL1#89', 'CL1#18', 'CL1#99', 'CL1#16', 'CL1#63', 'CL1#86', 'CL1#59', 'CL1#12', 'CL1#80', 'CL1#75', 'CL1#51', 'CL1#47', 'CL1#62', 'CL1#19'], ['CL1#3', 'CL1#24', 'CL1#57', 'CL1#72', 'CL1#20', 'CL1#73', 'CL1#1', 'CL1#64', 'CL1#50', 'CL1#52', 'CL1#92', 'CL1#74', 'CL1#61', 'CL1#82'], ['CL1#94', 'CL1#53', 'CL1#9', 'CL1#8', 'CL1#29', 'CL1#84', 'CL1#83', 'CL1#10', 'CL1#45', 'CL1#65', 'CL1#48', 'CL1#30']]","['Progress', 'Cygnus', 'Dragon', 'Kounotori', 'Progress', 'Dragon']","[176789340, 391852524, 350272553, 422898455, 176799248, 349803732]","[[2238.8, 6.626999999999997], [1985.6, 8.56899999999999], [3243.799999999997, 9.993000000000002], [4404.200000000003, 13.570999999999984], [1913.3999999999994, 7.272000000000002], [2142.1000000000013, 7.44199999999997]]","[['CL1#58', 'CL1#34', 'CL1#79', 'CL1#33', 'CL1#100', 'CL1#98', 'CL1#70', 'CL1#87', 'CL1#22', 'CL1#17', 'CL1#97', 'CL1#85', 'CL1#13', 'CL1#7'], ['CL1#27', 'CL1#37', 'CL1#11', 'CL1#46', 'CL1#44', 'CL1#78', 'CL1#93', 'CL1#71', 'CL1#90', 'CL1#36', 'CL1#54', 'CL1#28', 'CL1#69'], ['CL1#56', 'CL1#38', 'CL1#95', 'CL1#4', 'CL1#96', 'CL1#67', 'CL1#31', 'CL1#41', 'CL1#15', 'CL1#26', 'CL1#77', 'CL1#91', 'CL1#81', 'CL1#21', 'CL1#23', 'CL1#14', 'CL1#32', 'CL1#42', 'CL1#49', 'CL1#35', 'CL1#66', 'CL1#55', 'CL1#6', 'CL1#60'], ['CL1#76', 'CL1#43', 'CL1#2', 'CL1#39', 'CL1#68', 'CL1#5', 'CL1#25', 'CL1#88', 'CL1#40', 'CL1#89', 'CL1#18', 'CL1#99', 'CL1#16', 'CL1#63', 'CL1#86', 'CL1#59', 'CL1#12', 'CL1#80', 'CL1#75', 'CL1#51', 'CL1#47', 'CL1#62', 'CL1#19'], ['CL1#3', 'CL1#24', 'CL1#57', 'CL1#72', 'CL1#20', 'CL1#73', 'CL1#1', 'CL1#64', 'CL1#50', 'CL1#52', 'CL1#92', 'CL1#74', 'CL1#61', 'CL1#82'], ['CL1#94', 'CL1#53', 'CL1#9', 'CL1#8', 'CL1#29', 'CL1#84', 'CL1#83', 'CL1#10', 'CL1#45', 'CL1#65', 'CL1#48', 'CL1#30']]"
6,random all,2000,2298659485,2298660053,"['Cygnus', 'Cygnus', 'Dragon', 'Kounotori', 'Cygnus', 'Dragon']","[391852327, 391846670, 350229552, 423042791, 391841210, 349846935]","[[1948.0999999999997, 5.335999999999984], [1342.6999999999994, 8.251999999999994], [3802.4, 9.544999999999986], [5083.599999999997, 13.709000000000005], [1843.5000000000005, 7.762999999999993], [1907.5999999999979, 8.86899999999999]]","[['CL1#19', 'CL1#39', 'CL1#98', 'CL1#83', 'CL1#48', 'CL1#10', 'CL1#25', 'CL1#76', 'CL1#94', 'CL1#97', 'CL1#77', 'CL1#80', 'CL1#12'], ['CL1#96', 'CL1#84', 'CL1#81', 'CL1#43', 'CL1#45', 'CL1#42', 'CL1#55', 'CL1#38', 'CL1#54', 'CL1#53', 'CL1#65'], ['CL1#29', 'CL1#67', 'CL1#21', 'CL1#74', 'CL1#2', 'CL1#8', 'CL1#95', 'CL1#85', 'CL1#47', 'CL1#62', 'CL1#78', 'CL1#36', 'CL1#66', 'CL1#52', 'CL1#13', 'CL1#86', 'CL1#28', 'CL1#59', 'CL1#79', 'CL1#32', 'CL1#33'], ['CL1#70', 'CL1#14', 'CL1#11', 'CL1#90', 'CL1#27', 'CL1#34', 'CL1#92', 'CL1#41', 'CL1#50', 'CL1#63', 'CL1#88', 'CL1#56', 'CL1#69', 'CL1#72', 'CL1#18', 'CL1#100', 'CL1#26', 'CL1#75', 'CL1#87', 'CL1#61', 'CL1#44', 'CL1#17', 'CL1#68', 'CL1#6', 'CL1#89', 'CL1#93', 'CL1#4', 'CL1#64', 'CL1#46', 'CL1#23'], ['CL1#99', 'CL1#57', 'CL1#58', 'CL1#20', 'CL1#16', 'CL1#5', 'CL1#82', 'CL1#71', 'CL1#49', 'CL1#1', 'CL1#31', 'CL1#22'], ['CL1#60', 'CL1#7', 'CL1#40', 'CL1#37', 'CL1#73', 'CL1#9', 'CL1#30', 'CL1#3', 'CL1#15', 'CL1#35', 'CL1#91', 'CL1#51', 'CL1#24']]","['Cygnus', 'Cygnus', 'Dragon', 'Kounotori', 'Cygnus', 'Dragon']","[391852327, 391846670, 350229552, 423042791, 391841210, 349846935]","[[1948.0999999999997, 5.335999999999984], [1342.6999999999994, 8.251999999999994], [3802.4, 9.544999999999986], [5083.599999999997, 13.709000000000005], [1843.5000000000005, 7.762999999999993], [1907.5999999999979, 8.86899999999999]]","[['CL1#19', 'CL1#39', 'CL1#98', 'CL1#83', 'CL1#48', 'CL1#10', 'CL1#25', 'CL1#76', 'CL1#94', 'CL1#97', 'CL1#77', 'CL1#80', 'CL1#12'], ['CL1#96', 'CL1#84', 'CL1#81', 'CL1#43', 'CL1#45', 'CL1#42', 'CL1#55', 'CL1#38', 'CL1#54', 'CL1#53', 'CL1#65'], ['CL1#29', 'CL1#67', 'CL1#21', 'CL1#74', 'CL1#2', 'CL1#8', 'CL1#95', 'CL1#85', 'CL1#47', 'CL1#62', 'CL1#78', 'CL1#36', 'CL1#66', 'CL1#52', 'CL1#13', 'CL1#86', 'CL1#28', 'CL1#59', 'CL1#79', 'CL1#32', 'CL1#33'], ['CL1#70', 'CL1#14', 'CL1#11', 'CL1#90', 'CL1#27', 'CL1#34', 'CL1#92', 'CL1#41', 'CL1#50', 'CL1#63', 'CL1#88', 'CL1#56', 'CL1#69', 'CL1#72', 'CL1#18', 'CL1#100', 'CL1#26', 'CL1#75', 'CL1#87', 'CL1#61', 'CL1#44', 'CL1#17', 'CL1#68', 'CL1#6', 'CL1#89', 'CL1#93', 'CL1#4', 'CL1#64', 'CL1#46', 'CL1#23'], ['CL1#99', 'CL1#57', 'CL1#58', 'CL1#20', 'CL1#16', 'CL1#5', 'CL1#82', 'CL1#71', 'CL1#49', 'CL1#1', 'CL1#31', 'CL1#22'], ['CL1#60', 'CL1#7', 'CL1#40', 'CL1#37', 'CL1#73', 'CL1#9', 'CL1#30', 'CL1#3', 'CL1#15', 'CL1#35', 'CL1#91', 'CL1#51', 'CL1#24']]"
7,random all,2000,2044739325,2044731927,"['Progress', 'Dragon', 'Dragon', 'Progress', 'Progress', 'Cygnus', 'Kounotori']","[176800826, 350277855, 349978036, 176749802, 176721346, 391852484, 422358976]","[[2272.1, 7.101000000000006], [3039.4999999999973, 9.893999999999997], [3902.9, 9.665000000000001], [2106.600000000001, 7.058000000000005], [2084.599999999998, 7.118000000000006], [1856.4, 10.639999999999995], [665.7999999999996, 1.9979999999999951]]","[['CL1#49', 'CL1#94', 'CL1#53', 'CL1#48', 'CL1#60', 'CL1#69', 'CL1#79', 'CL1#93', 'CL1#74', 'CL1#30', 'CL1#82', 'CL1#36', 'CL1#85'], ['CL1#70', 'CL1#14', 'CL1#21', 'CL1#68', 'CL1#28', 'CL1#100', 'CL1#27', 'CL1#3', 'CL1#83', 'CL1#37', 'CL1#50', 'CL1#42', 'CL1#80', 'CL1#45', 'CL1#15', 'CL1#52', 'CL1#24', 'CL1#29', 'CL1#32', 'CL1#77', 'CL1#58', 'CL1#56'], ['CL1#18', 'CL1#97', 'CL1#61', 'CL1#47', 'CL1#34', 'CL1#25', 'CL1#89', 'CL1#75', 'CL1#4', 'CL1#96', 'CL1#8', 'CL1#16', 'CL1#88', 'CL1#1', 'CL1#62', 'CL1#81', 'CL1#6', 'CL1#11', 'CL1#35', 'CL1#90'], ['CL1#40', 'CL1#7', 'CL1#13', 'CL1#92', 'CL1#99', 'CL1#20', 'CL1#71', 'CL1#51', 'CL1#26', 'CL1#78', 'CL1#73', 'CL1#76', 'CL1#19'], ['CL1#2', 'CL1#9', 'CL1#95', 'CL1#12', 'CL1#39', 'CL1#38', 'CL1#59', 'CL1#23', 'CL1#91', 'CL1#57', 'CL1#84', 'CL1#41', 'CL1#10'], ['CL1#22', 'CL1#72', 'CL1#46', 'CL1#65', 'CL1#64', 'CL1#86', 'CL1#43', 'CL1#63', 'CL1#33', 'CL1#5', 'CL1#31', 'CL1#98', 'CL1#55', 'CL1#54', 'CL1#87'], ['CL1#66', 'CL1#67', 'CL1#44', 'CL1#17']]","['Progress', 'Dragon', 'Dragon', 'Progress', 'Progress', 'Cygnus', 'Kounotori']","[176800826, 350277855, 349978036, 176749802, 176721346, 391852484, 422358976]","[[2272.1, 7.101000000000006], [3039.4999999999973, 9.893999999999997], [3902.9, 9.665000000000001], [2106.600000000001, 7.058000000000005], [2084.599999999998, 7.118000000000006], [1856.4, 10.639999999999995], [665.7999999999996, 1.9979999999999951]]","[['CL1#49', 'CL1#94', 'CL1#53', 'CL1#48', 'CL1#60', 'CL1#69', 'CL1#79', 'CL1#93', 'CL1#74', 'CL1#30', 'CL1#82', 'CL1#36', 'CL1#85'], ['CL1#70', 'CL1#14', 'CL1#21', 'CL1#68', 'CL1#28', 'CL1#100', 'CL1#27', 'CL1#3', 'CL1#83', 'CL1#37', 'CL1#50', 'CL1#42', 'CL1#80', 'CL1#45', 'CL1#15', 'CL1#52', 'CL1#24', 'CL1#29', 'CL1#32', 'CL1#77', 'CL1#58', 'CL1#56'], ['CL1#18', 'CL1#97', 'CL1#61', 'CL1#47', 'CL1#34', 'CL1#25', 'CL1#89', 'CL1#75', 'CL1#4', 'CL1#96', 'CL1#8', 'CL1#16', 'CL1#88', 'CL1#1', 'CL1#62', 'CL1#81', 'CL1#6', 'CL1#11', 'CL1#35', 'CL1#90'], ['CL1#40', 'CL1#7', 'CL1#13', 'CL1#92', 'CL1#99', 'CL1#20', 'CL1#71', 'CL1#51', 'CL1#26', 'CL1#78', 'CL1#73', 'CL1#76', 'CL1#19'], ['CL1#2', 'CL1#9', 'CL1#95', 'CL1#12', 'CL1#39', 'CL1#38', 'CL1#59', 'CL1#23', 'CL1#91', 'CL1#57', 'CL1#84', 'CL1#41', 'CL1#10'], ['CL1#22', 'CL1#72', 'CL1#46', 'CL1#65', 'CL1#64', 'CL1#86', 'CL1#43', 'CL1#63', 'CL1#33', 'CL1#5', 'CL1#31', 'CL1#98', 'CL1#55', 'CL1#54', 'CL1#87'], ['CL1#66', 'CL1#67', 'CL1#44', 'CL1#17']]"
8,random all,2000,1795531114,1795526162,"['Dragon', 'Kounotori', 'Progress', 'Kounotori', 'Kounotori']","[350079279, 423134210, 176795901, 422907041, 422614683]","[[4014.2, 9.789000000000007], [3520.0000000000014, 13.078000000000012], [2214.000000000003, 7.438000000000013], [3819.8000000000034, 13.377000000000013], [2359.8999999999996, 9.791999999999996]]","[['CL1#18', 'CL1#74', 'CL1#9', 'CL1#30', 'CL1#77', 'CL1#87', 'CL1#19', 'CL1#92', 'CL1#21', 'CL1#82', 'CL1#10', 'CL1#11', 'CL1#62', 'CL1#78', 'CL1#5', 'CL1#69', 'CL1#27', 'CL1#90', 'CL1#2'], ['CL1#15', 'CL1#8', 'CL1#43', 'CL1#99', 'CL1#28', 'CL1#60', 'CL1#59', 'CL1#26', 'CL1#100', 'CL1#17', 'CL1#40', 'CL1#63', 'CL1#85', 'CL1#49', 'CL1#7', 'CL1#29', 'CL1#22', 'CL1#84', 'CL1#94', 'CL1#47', 'CL1#71', 'CL1#6', 'CL1#98', 'CL1#20'], ['CL1#25', 'CL1#38', 'CL1#68', 'CL1#46', 'CL1#14', 'CL1#12', 'CL1#16', 'CL1#56', 'CL1#70', 'CL1#72', 'CL1#13', 'CL1#75', 'CL1#88', 'CL1#91', 'CL1#31', 'CL1#95', 'CL1#44', 'CL1#52'], ['CL1#36', 'CL1#80', 'CL1#54', 'CL1#96', 'CL1#51', 'CL1#3', 'CL1#64', 'CL1#73', 'CL1#45', 'CL1#33', 'CL1#81', 'CL1#76', 'CL1#48', 'CL1#61', 'CL1#66', 'CL1#39', 'CL1#79', 'CL1#34', 'CL1#37', 'CL1#41', 'CL1#23', 'CL1#24', 'CL1#57', 'CL1#58'], ['CL1#86', 'CL1#89', 'CL1#67', 'CL1#53', 'CL1#32', 'CL1#97', 'CL1#42', 'CL1#65', 'CL1#93', 'CL1#1', 'CL1#50', 'CL1#55', 'CL1#83', 'CL1#4', 'CL1#35']]","['Dragon', 'Kounotori', 'Progress', 'Kounotori', 'Kounotori']","[350079279, 423134210, 176795901, 422907041, 422614683]","[[4014.2, 9.789000000000007], [3520.0000000000014, 13.078000000000012], [2214.000000000003, 7.438000000000013], [3819.8000000000034, 13.377000000000013], [2359.8999999999996, 9.791999999999996]]","[['CL1#18', 'CL1#74', 'CL1#9', 'CL1#30', 'CL1#77', 'CL1#87', 'CL1#19', 'CL1#92', 'CL1#21', 'CL1#82', 'CL1#10', 'CL1#11', 'CL1#62', 'CL1#78', 'CL1#5', 'CL1#69', 'CL1#27', 'CL1#90', 'CL1#2'], ['CL1#15', 'CL1#8', 'CL1#43', 'CL1#99', 'CL1#28', 'CL1#60', 'CL1#59', 'CL1#26', 'CL1#100', 'CL1#17', 'CL1#40', 'CL1#63', 'CL1#85', 'CL1#49', 'CL1#7', 'CL1#29', 'CL1#22', 'CL1#84', 'CL1#94', 'CL1#47', 'CL1#71', 'CL1#6', 'CL1#98', 'CL1#20'], ['CL1#25', 'CL1#38', 'CL1#68', 'CL1#46', 'CL1#14', 'CL1#12', 'CL1#16', 'CL1#56', 'CL1#70', 'CL1#72', 'CL1#13', 'CL1#75', 'CL1#88', 'CL1#91', 'CL1#31', 'CL1#95', 'CL1#44', 'CL1#52'], ['CL1#36', 'CL1#80', 'CL1#54', 'CL1#96', 'CL1#51', 'CL1#3', 'CL1#64', 'CL1#73', 'CL1#45', 'CL1#33', 'CL1#81', 'CL1#76', 'CL1#48', 'CL1#61', 'CL1#66', 'CL1#39', 'CL1#79', 'CL1#34', 'CL1#37', 'CL1#41', 'CL1#23', 'CL1#24', 'CL1#57', 'CL1#58'], ['CL1#86', 'CL1#89', 'CL1#67', 'CL1#53', 'CL1#32', 'CL1#97', 'CL1#42', 'CL1#65', 'CL1#93', 'CL1#1', 'CL1#50', 'CL1#55', 'CL1#83', 'CL1#4', 'CL1#35']]"
9,random all,2000,1622432234,1622420588,"['Kounotori', 'Kounotori', 'Progress', 'Kounotori', 'Progress']","[423068384, 423050162, 176678229, 423121136, 176514323]","[[5034.500000000001, 13.923000000000005], [4031.399999999998, 13.776000000000009], [1712.6999999999998, 6.545000000000008], [4290.200000000001, 13.588000000000001], [859.0999999999998, 5.642000000000005]]","[['CL1#6', 'CL1#96', 'CL1#68', 'CL1#58', 'CL1#2', 'CL1#93', 'CL1#83', 'CL1#90', 'CL1#29', 'CL1#71', 'CL1#1', 'CL1#91', 'CL1#48', 'CL1#13', 'CL1#25', 'CL1#33', 'CL1#65', 'CL1#10', 'CL1#7', 'CL1#80', 'CL1#38', 'CL1#14', 'CL1#27', 'CL1#72', 'CL1#18', 'CL1#82', 'CL1#39', 'CL1#21', 'CL1#78', 'CL1#26', 'CL1#59', 'CL1#43'], ['CL1#44', 'CL1#37', 'CL1#86', 'CL1#88', 'CL1#40', 'CL1#56', 'CL1#22', 'CL1#17', 'CL1#66', 'CL1#61', 'CL1#32', 'CL1#35', 'CL1#50', 'CL1#19', 'CL1#31', 'CL1#84', 'CL1#57', 'CL1#69', 'CL1#15', 'CL1#79', 'CL1#11', 'CL1#53', 'CL1#70', 'CL1#12', 'CL1#30'], ['CL1#4', 'CL1#89', 'CL1#24', 'CL1#28', 'CL1#92', 'CL1#95', 'CL1#62', 'CL1#67', 'CL1#42', 'CL1#81'], ['CL1#45', 'CL1#77', 'CL1#87', 'CL1#36', 'CL1#100', 'CL1#98', 'CL1#97', 'CL1#16', 'CL1#85', 'CL1#8', 'CL1#74', 'CL1#49', 'CL1#23', 'CL1#52', 'CL1#76', 'CL1#94', 'CL1#99', 'CL1#34', 'CL1#47', 'CL1#20', 'CL1#75', 'CL1#60', 'CL1#41', 'CL1#63', 'CL1#51', 'CL1#73'], ['CL1#46', 'CL1#9', 'CL1#54', 'CL1#3', 'CL1#64', 'CL1#5', 'CL1#55']]","['Kounotori', 'Kounotori', 'Progress', 'Kounotori', 'Progress']","[423068384, 423050162, 176678229, 423121136, 176514323]","[[5034.500000000001, 13.923000000000005], [4031.399999999998, 13.776000000000009], [1712.6999999999998, 6.545000000000008], [4290.200000000001, 13.588000000000001], [859.0999999999998, 5.642000000000005]]","[['CL1#6', 'CL1#96', 'CL1#68', 'CL1#58', 'CL1#2', 'CL1#93', 'CL1#83', 'CL1#90', 'CL1#29', 'CL1#71', 'CL1#1', 'CL1#91', 'CL1#48', 'CL1#13', 'CL1#25', 'CL1#33', 'CL1#65', 'CL1#10', 'CL1#7', 'CL1#80', 'CL1#38', 'CL1#14', 'CL1#27', 'CL1#72', 'CL1#18', 'CL1#82', 'CL1#39', 'CL1#21', 'CL1#78', 'CL1#26', 'CL1#59', 'CL1#43'], ['CL1#44', 'CL1#37', 'CL1#86', 'CL1#88', 'CL1#40', 'CL1#56', 'CL1#22', 'CL1#17', 'CL1#66', 'CL1#61', 'CL1#32', 'CL1#35', 'CL1#50', 'CL1#19', 'CL1#31', 'CL1#84', 'CL1#57', 'CL1#69', 'CL1#15', 'CL1#79', 'CL1#11', 'CL1#53', 'CL1#70', 'CL1#12', 'CL1#30'], ['CL1#4', 'CL1#89', 'CL1#24', 'CL1#28', 'CL1#92', 'CL1#95', 'CL1#62', 'CL1#67', 'CL1#42', 'CL1#81'], ['CL1#45', 'CL1#77', 'CL1#87', 'CL1#36', 'CL1#100', 'CL1#98', 'CL1#97', 'CL1#16', 'CL1#85', 'CL1#8', 'CL1#74', 'CL1#49', 'CL1#23', 'CL1#52', 'CL1#76', 'CL1#94', 'CL1#99', 'CL1#34', 'CL1#47', 'CL1#20', 'CL1#75', 'CL1#60', 'CL1#41', 'CL1#63', 'CL1#51', 'CL1#73'], ['CL1#46', 'CL1#9', 'CL1#54', 'CL1#3', 'CL1#64', 'CL1#5', 'CL1#55']]"
10,random all,2000,2413373633,2413375763,"['Kounotori', 'Cygnus', 'Cygnus', 'Cygnus', 'Kounotori', 'Cygnus']","[423187044, 391849232, 391848365, 391851716, 422919312, 391717964]","[[4560.700000000001, 13.433000000000012], [1963.9000000000008, 9.330000000000005], [1284.9999999999998, 5.459999999999994], [1869.2000000000016, 8.783999999999976], [4851.8, 12.764999999999999], [1397.3000000000002, 3.7020000000000044]]","[['CL1#18', 'CL1#98', 'CL1#71', 'CL1#20', 'CL1#11', 'CL1#84', 'CL1#15', 'CL1#59', 'CL1#96', 'CL1#19', 'CL1#42', 'CL1#36', 'CL1#82', 'CL1#80', 'CL1#43', 'CL1#21', 'CL1#75', 'CL1#26', 'CL1#10', 'CL1#2', 'CL1#29', 'CL1#88', 'CL1#85', 'CL1#48', 'CL1#23', 'CL1#34', 'CL1#13', 'CL1#44', 'CL1#33', 'CL1#4'], ['CL1#92', 'CL1#12', 'CL1#39', 'CL1#63', 'CL1#73', 'CL1#76', 'CL1#52', 'CL1#67', 'CL1#14', 'CL1#41', 'CL1#50', 'CL1#91', 'CL1#53', 'CL1#37', 'CL1#7'], ['CL1#69', 'CL1#74', 'CL1#16', 'CL1#3', 'CL1#28', 'CL1#70', 'CL1#38', 'CL1#87', 'CL1#99', 'CL1#25'], ['CL1#65', 'CL1#45', 'CL1#54', 'CL1#66', 'CL1#90', 'CL1#9', 'CL1#35', 'CL1#5', 'CL1#56', 'CL1#81', 'CL1#57', 'CL1#46', 'CL1#60'], ['CL1#89', 'CL1#86', 'CL1#83', 'CL1#79', 'CL1#95', 'CL1#94', 'CL1#49', 'CL1#31', 'CL1#97', 'CL1#24', 'CL1#55', 'CL1#22', 'CL1#61', 'CL1#72', 'CL1#1', 'CL1#100', 'CL1#51', 'CL1#40', 'CL1#64', 'CL1#78', 'CL1#8', 'CL1#32', 'CL1#47', 'CL1#6', 'CL1#17', 'CL1#27'], ['CL1#68', 'CL1#58', 'CL1#93', 'CL1#77', 'CL1#62', 'CL1#30']]","['Kounotori', 'Cygnus', 'Cygnus', 'Cygnus', 'Kounotori', 'Cygnus']","[423187044, 391849232, 391848365, 391851716, 422919312, 391717964]","[[4560.700000000001, 13.433000000000012], [1963.9000000000008, 9.330000000000005], [1284.9999999999998, 5.459999999999994], [1869.2000000000016, 8.783999999999976], [4851.8, 12.764999999999999], [1397.3000000000002, 3.7020000000000044]]","[['CL1#18', 'CL1#98', 'CL1#71', 'CL1#20', 'CL1#11', 'CL1#84', 'CL1#15', 'CL1#59', 'CL1#96', 'CL1#19', 'CL1#42', 'CL1#36', 'CL1#82', 'CL1#80', 'CL1#43', 'CL1#21', 'CL1#75', 'CL1#26', 'CL1#10', 'CL1#2', 'CL1#29', 'CL1#88', 'CL1#85', 'CL1#48', 'CL1#23', 'CL1#34', 'CL1#13', 'CL1#44', 'CL1#33', 'CL1#4'], ['CL1#92', 'CL1#12', 'CL1#39', 'CL1#63', 'CL1#73', 'CL1#76', 'CL1#52', 'CL1#67', 'CL1#14', 'CL1#41', 'CL1#50', 'CL1#91', 'CL1#53', 'CL1#37', 'CL1#7'], ['CL1#69', 'CL1#74', 'CL1#16', 'CL1#3', 'CL1#28', 'CL1#70', 'CL1#38', 'CL1#87', 'CL1#99', 'CL1#25'], ['CL1#65', 'CL1#45', 'CL1#54', 'CL1#66', 'CL1#90', 'CL1#9', 'CL1#35', 'CL1#5', 'CL1#56', 'CL1#81', 'CL1#57', 'CL1#46', 'CL1#60'], ['CL1#89', 'CL1#86', 'CL1#83', 'CL1#79', 'CL1#95', 'CL1#94', 'CL1#49', 'CL1#31', 'CL1#97', 'CL1#24', 'CL1#55', 'CL1#22', 'CL1#61', 'CL1#72', 'CL1#1', 'CL1#100', 'CL1#51', 'CL1#40', 'CL1#64', 'CL1#78', 'CL1#8', 'CL1#32', 'CL1#47', 'CL1#6', 'CL1#17', 'CL1#27'], ['CL1#68', 'CL1#58', 'CL1#93', 'CL1#77', 'CL1#62', 'CL1#30']]"
11,random all,2000,2432981226,2432981646,"['Dragon', 'Progress', 'Dragon', 'Cygnus', 'Dragon', 'Cygnus', 'Kounotori']","[350142944, 176811427, 349803914, 391848148, 350304204, 391837150, 422233439]","[[3631.5, 9.998000000000014], [1961.2000000000005, 6.676000000000013], [2522.700000000002, 9.29599999999998], [1889.9999999999986, 8.188999999999998], [3782.600000000001, 9.770000000000003], [1886.5999999999997, 7.997999999999988], [253.29999999999995, 1.5470000000000015]]","[['CL1#65', 'CL1#97', 'CL1#12', 'CL1#89', 'CL1#49', 'CL1#14', 'CL1#90', 'CL1#40', 'CL1#76', 'CL1#37', 'CL1#22', 'CL1#13', 'CL1#8', 'CL1#66', 'CL1#36', 'CL1#67', 'CL1#80', 'CL1#70', 'CL1#88'], ['CL1#73', 'CL1#87', 'CL1#21', 'CL1#83', 'CL1#98', 'CL1#43', 'CL1#26', 'CL1#24', 'CL1#11', 'CL1#100', 'CL1#9', 'CL1#6', 'CL1#31', 'CL1#58', 'CL1#55'], ['CL1#86', 'CL1#34', 'CL1#51', 'CL1#2', 'CL1#46', 'CL1#33', 'CL1#63', 'CL1#23', 'CL1#47', 'CL1#96', 'CL1#42', 'CL1#56', 'CL1#82', 'CL1#69', 'CL1#27'], ['CL1#3', 'CL1#99', 'CL1#18', 'CL1#85', 'CL1#1', 'CL1#52', 'CL1#5', 'CL1#16', 'CL1#84', 'CL1#78', 'CL1#10', 'CL1#54', 'CL1#92'], ['CL1#32', 'CL1#68', 'CL1#28', 'CL1#60', 'CL1#39', 'CL1#17', 'CL1#95', 'CL1#94', 'CL1#79', 'CL1#50', 'CL1#64', 'CL1#7', 'CL1#25', 'CL1#72', 'CL1#75', 'CL1#77', 'CL1#53', 'CL1#81', 'CL1#19', 'CL1#74', 'CL1#38', 'CL1#4', 'CL1#29'], ['CL1#41', 'CL1#57', 'CL1#20', 'CL1#30', 'CL1#93', 'CL1#71', 'CL1#59', 'CL1#35', 'CL1#15', 'CL1#61', 'CL1#62', 'CL1#48', 'CL1#45'], ['CL1#44', 'CL1#91']]","['Dragon', 'Progress', 'Dragon', 'Cygnus', 'Dragon', 'Cygnus', 'Kounotori']","[350142944, 176811427, 349803914, 391848148, 350304204, 391837150, 422233439]","[[3631.5, 9.998000000000014], [1961.2000000000005, 6.676000000000013], [2522.700000000002, 9.29599999999998], [1889.9999999999986, 8.188999999999998], [3782.600000000001, 9.770000000000003], [1886.5999999999997, 7.997999999999988], [253.29999999999995, 1.5470000000000015]]","[['CL1#65', 'CL1#97', 'CL1#12', 'CL1#89', 'CL1#49', 'CL1#14', 'CL1#90', 'CL1#40', 'CL1#76', 'CL1#37', 'CL1#22', 'CL1#13', 'CL1#8', 'CL1#66', 'CL1#36', 'CL1#67', 'CL1#80', 'CL1#70', 'CL1#88'], ['CL1#73', 'CL1#87', 'CL1#21', 'CL1#83', 'CL1#98', 'CL1#43', 'CL1#26', 'CL1#24', 'CL1#11', 'CL1#100', 'CL1#9', 'CL1#6', 'CL1#31', 'CL1#58', 'CL1#55'], ['CL1#86', 'CL1#34', 'CL1#51', 'CL1#2', 'CL1#46', 'CL1#33', 'CL1#63', 'CL1#23', 'CL1#47', 'CL1#96', 'CL1#42', 'CL1#56', 'CL1#82', 'CL1#69', 'CL1#27'], ['CL1#3', 'CL1#99', 'CL1#18', 'CL1#85', 'CL1#1', 'CL1#52', 'CL1#5', 'CL1#16', 'CL1#84', 'CL1#78', 'CL1#10', 'CL1#54', 'CL1#92'], ['CL1#32', 'CL1#68', 'CL1#28', 'CL1#60', 'CL1#39', 'CL1#17', 'CL1#95', 'CL1#94', 'CL1#79', 'CL1#50', 'CL1#64', 'CL1#7', 'CL1#25', 'CL1#72', 'CL1#75', 'CL1#77', 'CL1#53', 'CL1#81', 'CL1#19', 'CL1#74', 'CL1#38', 'CL1#4', 'CL1#29'], ['CL1#41', 'CL1#57', 'CL1#20', 'CL1#30', 'CL1#93', 'CL1#71', 'CL1#59', 'CL1#35', 'CL1#15', 'CL1#61', 'CL1#62', 'CL1#48', 'CL1#45'], ['CL1#44', 'CL1#91']]"
12,random all,2000,2186984020,2186972113,"['Dragon', 'Kounotori', 'Cygnus', 'Kounotori', 'Progress', 'Kounotori']","[350052043, 422954398, 391840087, 423172837, 176641711, 422322944]","[[3140.6, 7.87000000000001], [4021.000000000002, 13.490999999999989], [1973.3000000000004, 7.854000000000003], [3677.9999999999973, 13.992000000000004], [2143.4000000000005, 6.910000000000009], [971.5999999999988, 3.3569999999999975]]","[['CL1#7', 'CL1#10', 'CL1#74', 'CL1#72', 'CL1#80', 'CL1#16', 'CL1#60', 'CL1#89', 'CL1#58', 'CL1#34', 'CL1#68', 'CL1#23', 'CL1#85', 'CL1#97', 'CL1#17', 'CL1#100', 'CL1#47', 'CL1#92'], ['CL1#79', 'CL1#71', 'CL1#59', 'CL1#82', 'CL1#13', 'CL1#55', 'CL1#4', 'CL1#6', 'CL1#94', 'CL1#21', 'CL1#8', 'CL1#48', 'CL1#83', 'CL1#18', 'CL1#52', 'CL1#5', 'CL1#22', 'CL1#33', 'CL1#67', 'CL1#51', 'CL1#41', 'CL1#69', 'CL1#27', 'CL1#61', 'CL1#54', 'CL1#44'], ['CL1#15', 'CL1#19', 'CL1#86', 'CL1#20', 'CL1#2', 'CL1#1', 'CL1#98', 'CL1#39', 'CL1#88', 'CL1#65', 'CL1#40'], ['CL1#36', 'CL1#99', 'CL1#64', 'CL1#95', 'CL1#12', 'CL1#77', 'CL1#45', 'CL1#63', 'CL1#24', 'CL1#84', 'CL1#50', 'CL1#81', 'CL1#42', 'CL1#25', 'CL1#70', 'CL1#37', 'CL1#56', 'CL1#9', 'CL1#75', 'CL1#14', 'CL1#31', 'CL1#43', 'CL1#66', 'CL1#46', 'CL1#26', 'CL1#91', 'CL1#73', 'CL1#11', 'CL1#30'], ['CL1#96', 'CL1#90', 'CL1#28', 'CL1#29', 'CL1#62', 'CL1#87', 'CL1#35', 'CL1#93', 'CL1#53', 'CL1#49', 'CL1#32'], ['CL1#3', 'CL1#78', 'CL1#38', 'CL1#57', 'CL1#76']]","['Dragon', 'Kounotori', 'Cygnus', 'Kounotori', 'Progress', 'Kounotori']","[350052043, 422954398, 391840087, 423172837, 176641711, 422322944]","[[3140.6, 7.87000000000001], [4021.000000000002, 13.490999999999989], [1973.3000000000004, 7.854000000000003], [3677.9999999999973, 13.992000000000004], [2143.4000000000005, 6.910000000000009], [971.5999999999988, 3.3569999999999975]]","[['CL1#7', 'CL1#10', 'CL1#74', 'CL1#72', 'CL1#80', 'CL1#16', 'CL1#60', 'CL1#89', 'CL1#58', 'CL1#34', 'CL1#68', 'CL1#23', 'CL1#85', 'CL1#97', 'CL1#17', 'CL1#100', 'CL1#47', 'CL1#92'], ['CL1#79', 'CL1#71', 'CL1#59', 'CL1#82', 'CL1#13', 'CL1#55', 'CL1#4', 'CL1#6', 'CL1#94', 'CL1#21', 'CL1#8', 'CL1#48', 'CL1#83', 'CL1#18', 'CL1#52', 'CL1#5', 'CL1#22', 'CL1#33', 'CL1#67', 'CL1#51', 'CL1#41', 'CL1#69', 'CL1#27', 'CL1#61', 'CL1#54', 'CL1#44'], ['CL1#15', 'CL1#19', 'CL1#86', 'CL1#20', 'CL1#2', 'CL1#1', 'CL1#98', 'CL1#39', 'CL1#88', 'CL1#65', 'CL1#40'], ['CL1#36', 'CL1#99', 'CL1#64', 'CL1#95', 'CL1#12', 'CL1#77', 'CL1#45', 'CL1#63', 'CL1#24', 'CL1#84', 'CL1#50', 'CL1#81', 'CL1#42', 'CL1#25', 'CL1#70', 'CL1#37', 'CL1#56', 'CL1#9', 'CL1#75', 'CL1#14', 'CL1#31', 'CL1#43', 'CL1#66', 'CL1#46', 'CL1#26', 'CL1#91', 'CL1#73', 'CL1#11', 'CL1#30'], ['CL1#96', 'CL1#90', 'CL1#28', 'CL1#29', 'CL1#62', 'CL1#87', 'CL1#35', 'CL1#93', 'CL1#53', 'CL1#49', 'CL1#32'], ['CL1#3', 'CL1#78', 'CL1#38', 'CL1#57', 'CL1#76']]"
13,random all,2000,2690098369,2690098516,"['Cygnus', 'Dragon', 'Dragon', 'Cygnus', 'Cygnus', 'Cygnus', 'Kounotori']","[391851223, 350243462, 349918382, 391845645, 391849410, 391851952, 422538295]","[[1989.4, 6.985999999999999], [3540.2999999999984, 9.906000000000006], [3037.6, 9.481999999999998], [1905.9999999999993, 5.981999999999977], [1795.1000000000004, 7.64799999999999], [1718.699999999999, 7.282000000000004], [1940.8000000000009, 6.1879999999999935]]","[['CL1#39', 'CL1#27', 'CL1#63', 'CL1#93', 'CL1#4', 'CL1#29', 'CL1#28', 'CL1#33', 'CL1#59', 'CL1#51', 'CL1#37', 'CL1#43'], ['CL1#85', 'CL1#95', 'CL1#34', 'CL1#74', 'CL1#20', 'CL1#73', 'CL1#25', 'CL1#23', 'CL1#31', 'CL1#38', 'CL1#30', 'CL1#71', 'CL1#75', 'CL1#9', 'CL1#26', 'CL1#69', 'CL1#7', 'CL1#86', 'CL1#44', 'CL1#21', 'CL1#35', 'CL1#40', 'CL1#67', 'CL1#24'], ['CL1#79', 'CL1#16', 'CL1#32', 'CL1#78', 'CL1#8', 'CL1#5', 'CL1#42', 'CL1#97', 'CL1#70', 'CL1#56', 'CL1#17', 'CL1#82', 'CL1#66', 'CL1#77', 'CL1#87', 'CL1#65', 'CL1#11', 'CL1#3', 'CL1#2'], ['CL1#91', 'CL1#36', 'CL1#64', 'CL1#49', 'CL1#19', 'CL1#83', 'CL1#60', 'CL1#88', 'CL1#10', 'CL1#81', 'CL1#72', 'CL1#94'], ['CL1#98', 'CL1#61', 'CL1#96', 'CL1#48', 'CL1#92', 'CL1#52', 'CL1#100', 'CL1#1', 'CL1#15', 'CL1#80', 'CL1#99', 'CL1#6', 'CL1#89'], ['CL1#13', 'CL1#68', 'CL1#54', 'CL1#57', 'CL1#62', 'CL1#46', 'CL1#53', 'CL1#47', 'CL1#12', 'CL1#18'], ['CL1#90', 'CL1#76', 'CL1#84', 'CL1#41', 'CL1#55', 'CL1#14', 'CL1#45', 'CL1#58', 'CL1#22', 'CL1#50']]","['Cygnus', 'Dragon', 'Dragon', 'Cygnus', 'Cygnus', 'Cygnus', 'Kounotori']","[391851223, 350243462, 349918382, 391845645, 391849410, 391851952, 422538295]","[[1989.4, 6.985999999999999], [3540.2999999999984, 9.906000000000006], [3037.6, 9.481999999999998], [1905.9999999999993, 5.981999999999977], [1795.1000000000004, 7.64799999999999], [1718.699999999999, 7.282000000000004], [1940.8000000000009, 6.1879999999999935]]","[['CL1#39', 'CL1#27', 'CL1#63', 'CL1#93', 'CL1#4', 'CL1#29', 'CL1#28', 'CL1#33', 'CL1#59', 'CL1#51', 'CL1#37', 'CL1#43'], ['CL1#85', 'CL1#95', 'CL1#34', 'CL1#74', 'CL1#20', 'CL1#73', 'CL1#25', 'CL1#23', 'CL1#31', 'CL1#38', 'CL1#30', 'CL1#71', 'CL1#75', 'CL1#9', 'CL1#26', 'CL1#69', 'CL1#7', 'CL1#86', 'CL1#44', 'CL1#21', 'CL1#35', 'CL1#40', 'CL1#67', 'CL1#24'], ['CL1#79', 'CL1#16', 'CL1#32', 'CL1#78', 'CL1#8', 'CL1#5', 'CL1#42', 'CL1#97', 'CL1#70', 'CL1#56', 'CL1#17', 'CL1#82', 'CL1#66', 'CL1#77', 'CL1#87', 'CL1#65', 'CL1#11', 'CL1#3', 'CL1#2'], ['CL1#91', 'CL1#36', 'CL1#64', 'CL1#49', 'CL1#19', 'CL1#83', 'CL1#60', 'CL1#88', 'CL1#10', 'CL1#81', 'CL1#72', 'CL1#94'], ['CL1#98', 'CL1#61', 'CL1#96', 'CL1#48', 'CL1#92', 'CL1#52', 'CL1#100', 'CL1#1', 'CL1#15', 'CL1#80', 'CL1#99', 'CL1#6', 'CL1#89'], ['CL1#13', 'CL1#68', 'CL1#54', 'CL1#57', 'CL1#62', 'CL1#46', 'CL1#53', 'CL1#47', 'CL1#12', 'CL1#18'], ['CL1#90', 'CL1#76', 'CL1#84', 'CL1#41', 'CL1#55', 'CL1#14', 'CL1#45', 'CL1#58', 'CL1#22', 'CL1#50']]"
14,random all,2000,2732096331,2732097520,"['Cygnus', 'Cygnus', 'Cygnus', 'Cygnus', 'Dragon', 'Cygnus', 'Kounotori']","[391846177, 391851282, 391851164, 391849173, 349941546, 391846118, 422910871]","[[1975.9, 8.539000000000009], [1792.9999999999995, 5.0300000000000065], [1862.9999999999993, 5.9399999999999995], [1833.9999999999998, 6.036999999999996], [2972.900000000001, 9.628999999999987], [1678.6999999999994, 6.234999999999998], [3810.4000000000015, 12.063999999999993]]","[['CL1#2', 'CL1#71', 'CL1#64', 'CL1#9', 'CL1#86', 'CL1#87', 'CL1#98', 'CL1#60', 'CL1#17', 'CL1#96', 'CL1#13', 'CL1#26', 'CL1#94', 'CL1#15', 'CL1#61'], ['CL1#21', 'CL1#28', 'CL1#4', 'CL1#58', 'CL1#24', 'CL1#53', 'CL1#42', 'CL1#90', 'CL1#77'], ['CL1#92', 'CL1#76', 'CL1#40', 'CL1#70', 'CL1#88', 'CL1#56', 'CL1#69', 'CL1#7', 'CL1#38', 'CL1#6', 'CL1#12', 'CL1#75'], ['CL1#34', 'CL1#46', 'CL1#55', 'CL1#19', 'CL1#63', 'CL1#39', 'CL1#23', 'CL1#78', 'CL1#31', 'CL1#1', 'CL1#85', 'CL1#35'], ['CL1#30', 'CL1#29', 'CL1#43', 'CL1#3', 'CL1#57', 'CL1#80', 'CL1#65', 'CL1#5', 'CL1#8', 'CL1#48', 'CL1#25', 'CL1#52', 'CL1#51', 'CL1#72', 'CL1#84', 'CL1#68', 'CL1#100', 'CL1#99'], ['CL1#22', 'CL1#83', 'CL1#45', 'CL1#73', 'CL1#11', 'CL1#27', 'CL1#67', 'CL1#37', 'CL1#54', 'CL1#66', 'CL1#41', 'CL1#18'], ['CL1#82', 'CL1#91', 'CL1#79', 'CL1#36', 'CL1#32', 'CL1#95', 'CL1#49', 'CL1#20', 'CL1#10', 'CL1#59', 'CL1#33', 'CL1#93', 'CL1#14', 'CL1#97', 'CL1#47', 'CL1#44', 'CL1#81', 'CL1#50', 'CL1#16', 'CL1#89', 'CL1#62', 'CL1#74']]","['Cygnus', 'Cygnus', 'Cygnus', 'Cygnus', 'Dragon', 'Cygnus', 'Kounotori']","[391846177, 391851282, 391851164, 391849173, 349941546, 391846118, 422910871]","[[1975.9, 8.539000000000009], [1792.9999999999995, 5.0300000000000065], [1862.9999999999993, 5.9399999999999995], [1833.9999999999998, 6.036999999999996], [2972.900000000001, 9.628999999999987], [1678.6999999999994, 6.234999999999998], [3810.4000000000015, 12.063999999999993]]","[['CL1#2', 'CL1#71', 'CL1#64', 'CL1#9', 'CL1#86', 'CL1#87', 'CL1#98', 'CL1#60', 'CL1#17', 'CL1#96', 'CL1#13', 'CL1#26', 'CL1#94', 'CL1#15', 'CL1#61'], ['CL1#21', 'CL1#28', 'CL1#4', 'CL1#58', 'CL1#24', 'CL1#53', 'CL1#42', 'CL1#90', 'CL1#77'], ['CL1#92', 'CL1#76', 'CL1#40', 'CL1#70', 'CL1#88', 'CL1#56', 'CL1#69', 'CL1#7', 'CL1#38', 'CL1#6', 'CL1#12', 'CL1#75'], ['CL1#34', 'CL1#46', 'CL1#55', 'CL1#19', 'CL1#63', 'CL1#39', 'CL1#23', 'CL1#78', 'CL1#31', 'CL1#1', 'CL1#85', 'CL1#35'], ['CL1#30', 'CL1#29', 'CL1#43', 'CL1#3', 'CL1#57', 'CL1#80', 'CL1#65', 'CL1#5', 'CL1#8', 'CL1#48', 'CL1#25', 'CL1#52', 'CL1#51', 'CL1#72', 'CL1#84', 'CL1#68', 'CL1#100', 'CL1#99'], ['CL1#22', 'CL1#83', 'CL1#45', 'CL1#73', 'CL1#11', 'CL1#27', 'CL1#67', 'CL1#37', 'CL1#54', 'CL1#66', 'CL1#41', 'CL1#18'], ['CL1#82', 'CL1#91', 'CL1#79', 'CL1#36', 'CL1#32', 'CL1#95', 'CL1#49', 'CL1#20', 'CL1#10', 'CL1#59', 'CL1#33', 'CL1#93', 'CL1#14', 'CL1#97', 'CL1#47', 'CL1#44', 'CL1#81', 'CL1#50', 'CL1#16', 'CL1#89', 'CL1#62', 'CL1#74']]"
15,random all,2000,1979933752,1979932966,"['Dragon', 'Kounotori', 'Cygnus', 'Kounotori', 'Cygnus']","[350132219, 423074685, 391852425, 423093998, 391780425]","[[2931.7999999999984, 9.968999999999992], [4631.099999999998, 13.399999999999999], [1973.7000000000005, 10.377999999999977], [4920.500000000001, 13.176000000000005], [1470.8000000000006, 6.55100000000001]]","[['CL1#19', 'CL1#30', 'CL1#69', 'CL1#61', 'CL1#72', 'CL1#16', 'CL1#1', 'CL1#87', 'CL1#52', 'CL1#77', 'CL1#55', 'CL1#21', 'CL1#54', 'CL1#31', 'CL1#71', 'CL1#49', 'CL1#92', 'CL1#24', 'CL1#35', 'CL1#81'], ['CL1#45', 'CL1#60', 'CL1#56', 'CL1#46', 'CL1#79', 'CL1#11', 'CL1#37', 'CL1#83', 'CL1#90', 'CL1#20', 'CL1#26', 'CL1#78', 'CL1#32', 'CL1#39', 'CL1#63', 'CL1#34', 'CL1#23', 'CL1#8', 'CL1#10', 'CL1#64', 'CL1#88', 'CL1#100', 'CL1#97', 'CL1#58', 'CL1#98', 'CL1#2', 'CL1#48', 'CL1#74'], ['CL1#99', 'CL1#5', 'CL1#51', 'CL1#73', 'CL1#7', 'CL1#44', 'CL1#57', 'CL1#91', 'CL1#93', 'CL1#53', 'CL1#28', 'CL1#41', 'CL1#86'], ['CL1#80', 'CL1#94', 'CL1#59', 'CL1#66', 'CL1#25', 'CL1#43', 'CL1#47', 'CL1#42', 'CL1#9', 'CL1#36', 'CL1#68', 'CL1#12', 'CL1#84', 'CL1#89', 'CL1#40', 'CL1#96', 'CL1#3', 'CL1#29', 'CL1#95', 'CL1#18', 'CL1#82', 'CL1#17', 'CL1#4', 'CL1#70', 'CL1#33', 'CL1#38', 'CL1#14', 'CL1#85', 'CL1#27'], ['CL1#75', 'CL1#15', 'CL1#76', 'CL1#65', 'CL1#13', 'CL1#6', 'CL1#22', 'CL1#62', 'CL1#50', 'CL1#67']]","['Dragon', 'Kounotori', 'Cygnus', 'Kounotori', 'Cygnus']","[350132219, 423074685, 391852425, 423093998, 391780425]","[[2931.7999999999984, 9.968999999999992], [4631.099999999998, 13.399999999999999], [1973.7000000000005, 10.377999999999977], [4920.500000000001, 13.176000000000005], [1470.8000000000006, 6.55100000000001]]","[['CL1#19', 'CL1#30', 'CL1#69', 'CL1#61', 'CL1#72', 'CL1#16', 'CL1#1', 'CL1#87', 'CL1#52', 'CL1#77', 'CL1#55', 'CL1#21', 'CL1#54', 'CL1#31', 'CL1#71', 'CL1#49', 'CL1#92', 'CL1#24', 'CL1#35', 'CL1#81'], ['CL1#45', 'CL1#60', 'CL1#56', 'CL1#46', 'CL1#79', 'CL1#11', 'CL1#37', 'CL1#83', 'CL1#90', 'CL1#20', 'CL1#26', 'CL1#78', 'CL1#32', 'CL1#39', 'CL1#63', 'CL1#34', 'CL1#23', 'CL1#8', 'CL1#10', 'CL1#64', 'CL1#88', 'CL1#100', 'CL1#97', 'CL1#58', 'CL1#98', 'CL1#2', 'CL1#48', 'CL1#74'], ['CL1#99', 'CL1#5', 'CL1#51', 'CL1#73', 'CL1#7', 'CL1#44', 'CL1#57', 'CL1#91', 'CL1#93', 'CL1#53', 'CL1#28', 'CL1#41', 'CL1#86'], ['CL1#80', 'CL1#94', 'CL1#59', 'CL1#66', 'CL1#25', 'CL1#43', 'CL1#47', 'CL1#42', 'CL1#9', 'CL1#36', 'CL1#68', 'CL1#12', 'CL1#84', 'CL1#89', 'CL1#40', 'CL1#96', 'CL1#3', 'CL1#29', 'CL1#95', 'CL1#18', 'CL1#82', 'CL1#17', 'CL1#4', 'CL1#70', 'CL1#33', 'CL1#38', 'CL1#14', 'CL1#85', 'CL1#27'], ['CL1#75', 'CL1#15', 'CL1#76', 'CL1#65', 'CL1#13', 'CL1#6', 'CL1#22', 'CL1#62', 'CL1#50', 'CL1#67']]"
16,random all,2000,2014023820,2014026125,"['Cygnus', 'Cygnus', 'Progress', 'Progress', 'Dragon', 'Dragon', 'Progress']","[391852248, 391848917, 176808214, 176798633, 350098834, 349971242, 176645732]","[[1865.9000000000015, 6.897999999999998], [1615.500000000001, 6.734000000000007], [2351.1999999999975, 7.581000000000006], [1838.9999999999975, 7.248000000000006], [3605.1000000000004, 8.919999999999998], [3369.4999999999995, 9.574999999999996], [1281.6999999999991, 6.518]]","[['CL1#37', 'CL1#74', 'CL1#60', 'CL1#36', 'CL1#75', 'CL1#53', 'CL1#47', 'CL1#30', 'CL1#79', 'CL1#27', 'CL1#38', 'CL1#32'], ['CL1#20', 'CL1#26', 'CL1#16', 'CL1#3', 'CL1#14', 'CL1#2', 'CL1#13', 'CL1#41', 'CL1#21', 'CL1#65', 'CL1#48', 'CL1#92', 'CL1#35', 'CL1#84'], ['CL1#7', 'CL1#59', 'CL1#91', 'CL1#28', 'CL1#34', 'CL1#18', 'CL1#71', 'CL1#54', 'CL1#70', 'CL1#95', 'CL1#88', 'CL1#31', 'CL1#11', 'CL1#5', 'CL1#12'], ['CL1#33', 'CL1#85', 'CL1#57', 'CL1#44', 'CL1#22', 'CL1#42', 'CL1#61', 'CL1#56', 'CL1#80', 'CL1#24', 'CL1#17', 'CL1#55', 'CL1#83'], ['CL1#49', 'CL1#90', 'CL1#89', 'CL1#87', 'CL1#19', 'CL1#97', 'CL1#94', 'CL1#72', 'CL1#68', 'CL1#45', 'CL1#23', 'CL1#50', 'CL1#66', 'CL1#4', 'CL1#64', 'CL1#69', 'CL1#1', 'CL1#81', 'CL1#78'], ['CL1#96', 'CL1#100', 'CL1#98', 'CL1#82', 'CL1#6', 'CL1#39', 'CL1#58', 'CL1#62', 'CL1#10', 'CL1#46', 'CL1#86', 'CL1#77', 'CL1#25', 'CL1#76', 'CL1#43', 'CL1#73', 'CL1#52', 'CL1#29', 'CL1#51'], ['CL1#15', 'CL1#67', 'CL1#8', 'CL1#99', 'CL1#63', 'CL1#93', 'CL1#40', 'CL1#9']]","['Cygnus', 'Cygnus', 'Progress', 'Progress', 'Dragon', 'Dragon', 'Progress']","[391852248, 391848917, 176808214, 176798633, 350098834, 349971242, 176645732]","[[1865.9000000000015, 6.897999999999998], [1615.500000000001, 6.734000000000007], [2351.1999999999975, 7.581000000000006], [1838.9999999999975, 7.248000000000006], [3605.1000000000004, 8.919999999999998], [3369.4999999999995, 9.574999999999996], [1281.6999999999991, 6.518]]","[['CL1#37', 'CL1#74', 'CL1#60', 'CL1#36', 'CL1#75', 'CL1#53', 'CL1#47', 'CL1#30', 'CL1#79', 'CL1#27', 'CL1#38', 'CL1#32'], ['CL1#20', 'CL1#26', 'CL1#16', 'CL1#3', 'CL1#14', 'CL1#2', 'CL1#13', 'CL1#41', 'CL1#21', 'CL1#65', 'CL1#48', 'CL1#92', 'CL1#35', 'CL1#84'], ['CL1#7', 'CL1#59', 'CL1#91', 'CL1#28', 'CL1#34', 'CL1#18', 'CL1#71', 'CL1#54', 'CL1#70', 'CL1#95', 'CL1#88', 'CL1#31', 'CL1#11', 'CL1#5', 'CL1#12'], ['CL1#33', 'CL1#85', 'CL1#57', 'CL1#44', 'CL1#22', 'CL1#42', 'CL1#61', 'CL1#56', 'CL1#80', 'CL1#24', 'CL1#17', 'CL1#55', 'CL1#83'], ['CL1#49', 'CL1#90', 'CL1#89', 'CL1#87', 'CL1#19', 'CL1#97', 'CL1#94', 'CL1#72', 'CL1#68', 'CL1#45', 'CL1#23', 'CL1#50', 'CL1#66', 'CL1#4', 'CL1#64', 'CL1#69', 'CL1#1', 'CL1#81', 'CL1#78'], ['CL1#96', 'CL1#100', 'CL1#98', 'CL1#82', 'CL1#6', 'CL1#39', 'CL1#58', 'CL1#62', 'CL1#10', 'CL1#46', 'CL1#86', 'CL1#77', 'CL1#25', 'CL1#76', 'CL1#43', 'CL1#73', 'CL1#52', 'CL1#29', 'CL1#51'], ['CL1#15', 'CL1#67', 'CL1#8', 'CL1#99', 'CL1#63', 'CL1#93', 'CL1#40', 'CL1#9']]"
17,random all,2000,1768006278,1768001106,"['Progress', 'Progress', 'Progress', 'Cygnus', 'Kounotori', 'Kounotori']","[176811312, 176765905, 176758440, 391852504, 423138019, 422680098]","[[2338.3999999999987, 7.511000000000006], [1947.9, 7.444000000000001], [2240.9000000000015, 6.997000000000004], [1880.0000000000002, 9.888999999999989], [5046.7, 13.533000000000017], [2474.0000000000023, 8.099999999999993]]","[['CL1#63', 'CL1#1', 'CL1#68', 'CL1#96', 'CL1#64', 'CL1#20', 'CL1#6', 'CL1#48', 'CL1#69', 'CL1#55', 'CL1#19', 'CL1#24', 'CL1#81', 'CL1#25', 'CL1#56', 'CL1#31', 'CL1#61'], ['CL1#47', 'CL1#93', 'CL1#65', 'CL1#80', 'CL1#7', 'CL1#66', 'CL1#16', 'CL1#32', 'CL1#37', 'CL1#26', 'CL1#71', 'CL1#86', 'CL1#60', 'CL1#18', 'CL1#11'], ['CL1#95', 'CL1#34', 'CL1#52', 'CL1#42', 'CL1#84', 'CL1#10', 'CL1#99', 'CL1#21', 'CL1#94', 'CL1#76', 'CL1#91', 'CL1#54', 'CL1#13', 'CL1#100', 'CL1#23'], ['CL1#72', 'CL1#15', 'CL1#12', 'CL1#82', 'CL1#78', 'CL1#98', 'CL1#97', 'CL1#4', 'CL1#62', 'CL1#43', 'CL1#45', 'CL1#53', 'CL1#5', 'CL1#83'], ['CL1#58', 'CL1#57', 'CL1#22', 'CL1#41', 'CL1#75', 'CL1#79', 'CL1#27', 'CL1#89', 'CL1#28', 'CL1#85', 'CL1#49', 'CL1#59', 'CL1#77', 'CL1#29', 'CL1#8', 'CL1#67', 'CL1#73', 'CL1#88', 'CL1#44', 'CL1#3', 'CL1#51', 'CL1#90', 'CL1#40', 'CL1#14', 'CL1#92', 'CL1#35'], ['CL1#36', 'CL1#9', 'CL1#38', 'CL1#50', 'CL1#2', 'CL1#70', 'CL1#74', 'CL1#30', 'CL1#17', 'CL1#87', 'CL1#33', 'CL1#46', 'CL1#39']]","['Progress', 'Progress', 'Progress', 'Cygnus', 'Kounotori', 'Kounotori']","[176811312, 176765905, 176758440, 391852504, 423138019, 422680098]","[[2338.3999999999987, 7.511000000000006], [1947.9, 7.444000000000001], [2240.9000000000015, 6.997000000000004], [1880.0000000000002, 9.888999999999989], [5046.7, 13.533000000000017], [2474.0000000000023, 8.099999999999993]]","[['CL1#63', 'CL1#1', 'CL1#68', 'CL1#96', 'CL1#64', 'CL1#20', 'CL1#6', 'CL1#48', 'CL1#69', 'CL1#55', 'CL1#19', 'CL1#24', 'CL1#81', 'CL1#25', 'CL1#56', 'CL1#31', 'CL1#61'], ['CL1#47', 'CL1#93', 'CL1#65', 'CL1#80', 'CL1#7', 'CL1#66', 'CL1#16', 'CL1#32', 'CL1#37', 'CL1#26', 'CL1#71', 'CL1#86', 'CL1#60', 'CL1#18', 'CL1#11'], ['CL1#95', 'CL1#34', 'CL1#52', 'CL1#42', 'CL1#84', 'CL1#10', 'CL1#99', 'CL1#21', 'CL1#94', 'CL1#76', 'CL1#91', 'CL1#54', 'CL1#13', 'CL1#100', 'CL1#23'], ['CL1#72', 'CL1#15', 'CL1#12', 'CL1#82', 'CL1#78', 'CL1#98', 'CL1#97', 'CL1#4', 'CL1#62', 'CL1#43', 'CL1#45', 'CL1#53', 'CL1#5', 'CL1#83'], ['CL1#58', 'CL1#57', 'CL1#22', 'CL1#41', 'CL1#75', 'CL1#79', 'CL1#27', 'CL1#89', 'CL1#28', 'CL1#85', 'CL1#49', 'CL1#59', 'CL1#77', 'CL1#29', 'CL1#8', 'CL1#67', 'CL1#73', 'CL1#88', 'CL1#44', 'CL1#3', 'CL1#51', 'CL1#90', 'CL1#40', 'CL1#14', 'CL1#92', 'CL1#35'], ['CL1#36', 'CL1#9', 'CL1#38', 'CL1#50', 'CL1#2', 'CL1#70', 'CL1#74', 'CL1#30', 'CL1#17', 'CL1#87', 'CL1#33', 'CL1#46', 'CL1#39']]"
18,random all,2000,2114259212,2114255091,"['Progress', 'Kounotori', 'Dragon', 'Cygnus', 'Dragon', 'Kounotori']","[176805155, 423096551, 349901811, 391850218, 350100044, 422505433]","[[2276.0999999999985, 7.279000000000003], [4854.500000000005, 13.906000000000008], [2387.1999999999994, 8.412999999999988], [1971.0999999999997, 9.197999999999999], [2612.5, 9.469999999999981], [1826.5000000000014, 5.208000000000005]]","[['CL1#51', 'CL1#71', 'CL1#13', 'CL1#52', 'CL1#12', 'CL1#97', 'CL1#16', 'CL1#18', 'CL1#9', 'CL1#63', 'CL1#6', 'CL1#59', 'CL1#54', 'CL1#68', 'CL1#60'], ['CL1#79', 'CL1#22', 'CL1#96', 'CL1#28', 'CL1#4', 'CL1#29', 'CL1#19', 'CL1#95', 'CL1#30', 'CL1#8', 'CL1#32', 'CL1#56', 'CL1#62', 'CL1#14', 'CL1#76', 'CL1#87', 'CL1#92', 'CL1#85', 'CL1#53', 'CL1#1', 'CL1#24', 'CL1#75', 'CL1#46', 'CL1#74', 'CL1#78', 'CL1#69'], ['CL1#72', 'CL1#88', 'CL1#91', 'CL1#49', 'CL1#40', 'CL1#27', 'CL1#3', 'CL1#84', 'CL1#47', 'CL1#77', 'CL1#83', 'CL1#37', 'CL1#43', 'CL1#93', 'CL1#86'], ['CL1#23', 'CL1#48', 'CL1#15', 'CL1#2', 'CL1#7', 'CL1#36', 'CL1#99', 'CL1#21', 'CL1#39', 'CL1#67', 'CL1#11', 'CL1#42', 'CL1#41', 'CL1#38', 'CL1#50', 'CL1#70'], ['CL1#81', 'CL1#26', 'CL1#61', 'CL1#34', 'CL1#55', 'CL1#90', 'CL1#100', 'CL1#35', 'CL1#98', 'CL1#82', 'CL1#58', 'CL1#20', 'CL1#65', 'CL1#44', 'CL1#25', 'CL1#94', 'CL1#45', 'CL1#31'], ['CL1#10', 'CL1#33', 'CL1#57', 'CL1#80', 'CL1#66', 'CL1#5', 'CL1#17', 'CL1#64', 'CL1#73', 'CL1#89']]","['Progress', 'Kounotori', 'Dragon', 'Cygnus', 'Dragon', 'Kounotori']","[176805155, 423096551, 349901811, 391850218, 350100044, 422505433]","[[2276.0999999999985, 7.279000000000003], [4854.500000000005, 13.906000000000008], [2387.1999999999994, 8.412999999999988], [1971.0999999999997, 9.197999999999999], [2612.5, 9.469999999999981], [1826.5000000000014, 5.208000000000005]]","[['CL1#51', 'CL1#71', 'CL1#13', 'CL1#52', 'CL1#12', 'CL1#97', 'CL1#16', 'CL1#18', 'CL1#9', 'CL1#63', 'CL1#6', 'CL1#59', 'CL1#54', 'CL1#68', 'CL1#60'], ['CL1#79', 'CL1#22', 'CL1#96', 'CL1#28', 'CL1#4', 'CL1#29', 'CL1#19', 'CL1#95', 'CL1#30', 'CL1#8', 'CL1#32', 'CL1#56', 'CL1#62', 'CL1#14', 'CL1#76', 'CL1#87', 'CL1#92', 'CL1#85', 'CL1#53', 'CL1#1', 'CL1#24', 'CL1#75', 'CL1#46', 'CL1#74', 'CL1#78', 'CL1#69'], ['CL1#72', 'CL1#88', 'CL1#91', 'CL1#49', 'CL1#40', 'CL1#27', 'CL1#3', 'CL1#84', 'CL1#47', 'CL1#77', 'CL1#83', 'CL1#37', 'CL1#43', 'CL1#93', 'CL1#86'], ['CL1#23', 'CL1#48', 'CL1#15', 'CL1#2', 'CL1#7', 'CL1#36', 'CL1#99', 'CL1#21', 'CL1#39', 'CL1#67', 'CL1#11', 'CL1#42', 'CL1#41', 'CL1#38', 'CL1#50', 'CL1#70'], ['CL1#81', 'CL1#26', 'CL1#61', 'CL1#34', 'CL1#55', 'CL1#90', 'CL1#100', 'CL1#35', 'CL1#98', 'CL1#82', 'CL1#58', 'CL1#20', 'CL1#65', 'CL1#44', 'CL1#25', 'CL1#94', 'CL1#45', 'CL1#31'], ['CL1#10', 'CL1#33', 'CL1#57', 'CL1#80', 'CL1#66', 'CL1#5', 'CL1#17', 'CL1#64', 'CL1#73', 'CL1#89']]"
19,random all,2000,1910416527,1910413899,"['Kounotori', 'Cygnus', 'Dragon', 'Cygnus', 'Progress', 'Progress']","[423065831, 391851499, 350209331, 391848444, 176805521, 176635901]","[[4905.500000000001, 13.166000000000004], [1967.6000000000008, 7.609000000000002], [3416.1000000000004, 9.951999999999996], [1982.8999999999996, 8.326999999999984], [2199.999999999999, 6.999000000000003], [1455.8000000000025, 7.4210000000000065]]","[['CL1#27', 'CL1#30', 'CL1#33', 'CL1#59', 'CL1#42', 'CL1#45', 'CL1#57', 'CL1#66', 'CL1#20', 'CL1#70', 'CL1#6', 'CL1#79', 'CL1#54', 'CL1#34', 'CL1#96', 'CL1#100', 'CL1#29', 'CL1#2', 'CL1#44', 'CL1#22', 'CL1#75', 'CL1#74', 'CL1#8', 'CL1#25', 'CL1#7', 'CL1#19', 'CL1#76'], ['CL1#23', 'CL1#98', 'CL1#68', 'CL1#58', 'CL1#49', 'CL1#51', 'CL1#94', 'CL1#78', 'CL1#37', 'CL1#55', 'CL1#28'], ['CL1#60', 'CL1#16', 'CL1#14', 'CL1#91', 'CL1#89', 'CL1#38', 'CL1#52', 'CL1#40', 'CL1#62', 'CL1#77', 'CL1#47', 'CL1#87', 'CL1#4', 'CL1#21', 'CL1#93', 'CL1#86', 'CL1#48', 'CL1#83', 'CL1#26', 'CL1#31', 'CL1#17'], ['CL1#24', 'CL1#12', 'CL1#10', 'CL1#61', 'CL1#99', 'CL1#41', 'CL1#63', 'CL1#90', 'CL1#72', 'CL1#43', 'CL1#9', 'CL1#5', 'CL1#64', 'CL1#32', 'CL1#56'], ['CL1#81', 'CL1#95', 'CL1#73', 'CL1#39', 'CL1#97', 'CL1#67', 'CL1#1', 'CL1#18', 'CL1#11', 'CL1#13', 'CL1#92', 'CL1#84', 'CL1#36', 'CL1#71', 'CL1#82'], ['CL1#15', 'CL1#53', 'CL1#3', 'CL1#69', 'CL1#65', 'CL1#88', 'CL1#46', 'CL1#35', 'CL1#50', 'CL1#85', 'CL1#80']]","['Kounotori', 'Cygnus', 'Dragon', 'Cygnus', 'Progress', 'Progress']","[423065831, 391851499, 350209331, 391848444, 176805521, 176635901]","[[4905.500000000001, 13.166000000000004], [1967.6000000000008, 7.609000000000002], [3416.1000000000004, 9.951999999999996], [1982.8999999999996, 8.326999999999984], [2199.999999999999, 6.999000000000003], [1455.8000000000025, 7.4210000000000065]]","[['CL1#27', 'CL1#30', 'CL1#33', 'CL1#59', 'CL1#42', 'CL1#45', 'CL1#57', 'CL1#66', 'CL1#20', 'CL1#70', 'CL1#6', 'CL1#79', 'CL1#54', 'CL1#34', 'CL1#96', 'CL1#100', 'CL1#29', 'CL1#2', 'CL1#44', 'CL1#22', 'CL1#75', 'CL1#74', 'CL1#8', 'CL1#25', 'CL1#7', 'CL1#19', 'CL1#76'], ['CL1#23', 'CL1#98', 'CL1#68', 'CL1#58', 'CL1#49', 'CL1#51', 'CL1#94', 'CL1#78', 'CL1#37', 'CL1#55', 'CL1#28'], ['CL1#60', 'CL1#16', 'CL1#14', 'CL1#91', 'CL1#89', 'CL1#38', 'CL1#52', 'CL1#40', 'CL1#62', 'CL1#77', 'CL1#47', 'CL1#87', 'CL1#4', 'CL1#21', 'CL1#93', 'CL1#86', 'CL1#48', 'CL1#83', 'CL1#26', 'CL1#31', 'CL1#17'], ['CL1#24', 'CL1#12', 'CL1#10', 'CL1#61', 'CL1#99', 'CL1#41', 'CL1#63', 'CL1#90', 'CL1#72', 'CL1#43', 'CL1#9', 'CL1#5', 'CL1#64', 'CL1#32', 'CL1#56'], ['CL1#81', 'CL1#95', 'CL1#73', 'CL1#39', 'CL1#97', 'CL1#67', 'CL1#1', 'CL1#18', 'CL1#11', 'CL1#13', 'CL1#92', 'CL1#84', 'CL1#36', 'CL1#71', 'CL1#82'], ['CL1#15', 'CL1#53', 'CL1#3', 'CL1#69', 'CL1#65', 'CL1#88', 'CL1#46', 'CL1#35', 'CL1#50', 'CL1#85', 'CL1#80']]"
20,random all,2000,1983152178,1983135812,"['Kounotori', 'Cygnus', 'Cygnus', 'Kounotori', 'Progress', 'Progress']","[423097766, 391846532, 391847064, 423160895, 176675862, 176524059]","[[4631.399999999996, 13.870000000000005], [1850.1999999999994, 8.138999999999983], [1588.799999999998, 7.006000000000002], [4271.200000000009, 12.730999999999986], [2083.8000000000025, 5.929000000000004], [1502.5, 5.799000000000001]]","[['CL1#35', 'CL1#10', 'CL1#88', 'CL1#95', 'CL1#39', 'CL1#86', 'CL1#62', 'CL1#24', 'CL1#12', 'CL1#78', 'CL1#98', 'CL1#26', 'CL1#55', 'CL1#94', 'CL1#74', 'CL1#42', 'CL1#25', 'CL1#58', 'CL1#45', 'CL1#11', 'CL1#48', 'CL1#66', 'CL1#37', 'CL1#19', 'CL1#100', 'CL1#76', 'CL1#32', 'CL1#5'], ['CL1#59', 'CL1#96', 'CL1#54', 'CL1#92', 'CL1#28', 'CL1#91', 'CL1#60', 'CL1#83', 'CL1#51', 'CL1#7', 'CL1#40', 'CL1#21'], ['CL1#36', 'CL1#18', 'CL1#64', 'CL1#65', 'CL1#63', 'CL1#70', 'CL1#71', 'CL1#53', 'CL1#52', 'CL1#38', 'CL1#2'], ['CL1#9', 'CL1#56', 'CL1#73', 'CL1#72', 'CL1#8', 'CL1#46', 'CL1#89', 'CL1#3', 'CL1#41', 'CL1#85', 'CL1#29', 'CL1#17', 'CL1#6', 'CL1#61', 'CL1#31', 'CL1#93', 'CL1#99', 'CL1#84', 'CL1#77', 'CL1#16', 'CL1#4', 'CL1#20', 'CL1#13', 'CL1#80', 'CL1#79', 'CL1#1', 'CL1#69', 'CL1#44'], ['CL1#81', 'CL1#33', 'CL1#68', 'CL1#43', 'CL1#87', 'CL1#75', 'CL1#30', 'CL1#34', 'CL1#49', 'CL1#50', 'CL1#22'], ['CL1#23', 'CL1#82', 'CL1#47', 'CL1#27', 'CL1#57', 'CL1#90', 'CL1#15', 'CL1#14', 'CL1#97', 'CL1#67']]","['Kounotori', 'Cygnus', 'Cygnus', 'Kounotori', 'Progress', 'Progress']","[423097766, 391846532, 391847064, 423160895, 176675862, 176524059]","[[4631.399999999996, 13.870000000000005], [1850.1999999999994, 8.138999999999983], [1588.799999999998, 7.006000000000002], [4271.200000000009, 12.730999999999986], [2083.8000000000025, 5.929000000000004], [1502.5, 5.799000000000001]]","[['CL1#35', 'CL1#10', 'CL1#88', 'CL1#95', 'CL1#39', 'CL1#86', 'CL1#62', 'CL1#24', 'CL1#12', 'CL1#78', 'CL1#98', 'CL1#26', 'CL1#55', 'CL1#94', 'CL1#74', 'CL1#42', 'CL1#25', 'CL1#58', 'CL1#45', 'CL1#11', 'CL1#48', 'CL1#66', 'CL1#37', 'CL1#19', 'CL1#100', 'CL1#76', 'CL1#32', 'CL1#5'], ['CL1#59', 'CL1#96', 'CL1#54', 'CL1#92', 'CL1#28', 'CL1#91', 'CL1#60', 'CL1#83', 'CL1#51', 'CL1#7', 'CL1#40', 'CL1#21'], ['CL1#36', 'CL1#18', 'CL1#64', 'CL1#65', 'CL1#63', 'CL1#70', 'CL1#71', 'CL1#53', 'CL1#52', 'CL1#38', 'CL1#2'], ['CL1#9', 'CL1#56', 'CL1#73', 'CL1#72', 'CL1#8', 'CL1#46', 'CL1#89', 'CL1#3', 'CL1#41', 'CL1#85', 'CL1#29', 'CL1#17', 'CL1#6', 'CL1#61', 'CL1#31', 'CL1#93', 'CL1#99', 'CL1#84', 'CL1#77', 'CL1#16', 'CL1#4', 'CL1#20', 'CL1#13', 'CL1#80', 'CL1#79', 'CL1#1', 'CL1#69', 'CL1#44'], ['CL1#81', 'CL1#33', 'CL1#68', 'CL1#43', 'CL1#87', 'CL1#75', 'CL1#30', 'CL1#34', 'CL1#49', 'CL1#50', 'CL1#22'], ['CL1#23', 'CL1#82', 'CL1#47', 'CL1#27', 'CL1#57', 'CL1#90', 'CL1#15', 'CL1#14', 'CL1#97', 'CL1#67']]"
21,random all,2000,2052647766,2052647401,"['Kounotori', 'Cygnus', 'Kounotori', 'Cygnus', 'Kounotori']","[423223900, 391847340, 423021130, 391847399, 422707997]","[[4702.199999999997, 11.461000000000007], [1892.5999999999992, 6.526999999999986], [4060.700000000001, 12.790999999999997], [1996.0000000000005, 10.682000000000006], [3276.4000000000005, 12.012999999999996]]","[['CL1#6', 'CL1#39', 'CL1#78', 'CL1#77', 'CL1#67', 'CL1#32', 'CL1#75', 'CL1#42', 'CL1#88', 'CL1#43', 'CL1#13', 'CL1#21', 'CL1#4', 'CL1#3', 'CL1#87', 'CL1#45', 'CL1#38', 'CL1#59', 'CL1#10', 'CL1#40', 'CL1#52', 'CL1#72', 'CL1#100', 'CL1#70', 'CL1#64', 'CL1#8', 'CL1#35', 'CL1#34', 'CL1#26', 'CL1#27'], ['CL1#63', 'CL1#44', 'CL1#22', 'CL1#81', 'CL1#96', 'CL1#18', 'CL1#73', 'CL1#90', 'CL1#25', 'CL1#61', 'CL1#91', 'CL1#47'], ['CL1#17', 'CL1#51', 'CL1#2', 'CL1#97', 'CL1#84', 'CL1#89', 'CL1#94', 'CL1#56', 'CL1#60', 'CL1#66', 'CL1#93', 'CL1#19', 'CL1#5', 'CL1#48', 'CL1#29', 'CL1#85', 'CL1#58', 'CL1#57', 'CL1#83', 'CL1#12', 'CL1#41', 'CL1#1', 'CL1#71', 'CL1#23', 'CL1#20'], ['CL1#79', 'CL1#68', 'CL1#86', 'CL1#15', 'CL1#37', 'CL1#99', 'CL1#69', 'CL1#36', 'CL1#53', 'CL1#92', 'CL1#98', 'CL1#55', 'CL1#31', 'CL1#82', 'CL1#80'], ['CL1#74', 'CL1#30', 'CL1#49', 'CL1#14', 'CL1#46', 'CL1#28', 'CL1#11', 'CL1#16', 'CL1#50', 'CL1#33', 'CL1#24', 'CL1#76', 'CL1#9', 'CL1#7', 'CL1#54', 'CL1#95', 'CL1#62', 'CL1#65']]","['Kounotori', 'Cygnus', 'Kounotori', 'Cygnus', 'Kounotori']","[423223900, 391847340, 423021130, 391847399, 422707997]","[[4702.199999999997, 11.461000000000007], [1892.5999999999992, 6.526999999999986], [4060.700000000001, 12.790999999999997], [1996.0000000000005, 10.682000000000006], [3276.4000000000005, 12.012999999999996]]","[['CL1#6', 'CL1#39', 'CL1#78', 'CL1#77', 'CL1#67', 'CL1#32', 'CL1#75', 'CL1#42', 'CL1#88', 'CL1#43', 'CL1#13', 'CL1#21', 'CL1#4', 'CL1#3', 'CL1#87', 'CL1#45', 'CL1#38', 'CL1#59', 'CL1#10', 'CL1#40', 'CL1#52', 'CL1#72', 'CL1#100', 'CL1#70', 'CL1#64', 'CL1#8', 'CL1#35', 'CL1#34', 'CL1#26', 'CL1#27'], ['CL1#63', 'CL1#44', 'CL1#22', 'CL1#81', 'CL1#96', 'CL1#18', 'CL1#73', 'CL1#90', 'CL1#25', 'CL1#61', 'CL1#91', 'CL1#47'], ['CL1#17', 'CL1#51', 'CL1#2', 'CL1#97', 'CL1#84', 'CL1#89', 'CL1#94', 'CL1#56', 'CL1#60', 'CL1#66', 'CL1#93', 'CL1#19', 'CL1#5', 'CL1#48', 'CL1#29', 'CL1#85', 'CL1#58', 'CL1#57', 'CL1#83', 'CL1#12', 'CL1#41', 'CL1#1', 'CL1#71', 'CL1#23', 'CL1#20'], ['CL1#79', 'CL1#68', 'CL1#86', 'CL1#15', 'CL1#37', 'CL1#99', 'CL1#69', 'CL1#36', 'CL1#53', 'CL1#92', 'CL1#98', 'CL1#55', 'CL1#31', 'CL1#82', 'CL1#80'], ['CL1#74', 'CL1#30', 'CL1#49', 'CL1#14', 'CL1#46', 'CL1#28', 'CL1#11', 'CL1#16', 'CL1#50', 'CL1#33', 'CL1#24', 'CL1#76', 'CL1#9', 'CL1#7', 'CL1#54', 'CL1#95', 'CL1#62', 'CL1#65']]"
22,random all,2000,1999546487,1999545499,"['Dragon', 'Dragon', 'Progress', 'Dragon', 'Dragon', 'Kounotori']","[350118188, 350066538, 176779797, 350190421, 349977653, 422413890]","[[3209.199999999999, 9.984999999999998], [2965.6000000000013, 9.574000000000012], [1993.7000000000019, 7.495000000000005], [3161.699999999999, 8.216999999999997], [2976.7999999999997, 9.717999999999982], [1620.900000000001, 8.484999999999998]]","[['CL1#23', 'CL1#78', 'CL1#10', 'CL1#87', 'CL1#38', 'CL1#8', 'CL1#52', 'CL1#67', 'CL1#63', 'CL1#95', 'CL1#22', 'CL1#9', 'CL1#92', 'CL1#53', 'CL1#73', 'CL1#76', 'CL1#18', 'CL1#35', 'CL1#60'], ['CL1#48', 'CL1#83', 'CL1#96', 'CL1#86', 'CL1#47', 'CL1#79', 'CL1#21', 'CL1#72', 'CL1#20', 'CL1#33', 'CL1#45', 'CL1#74', 'CL1#49', 'CL1#56', 'CL1#14', 'CL1#84', 'CL1#12', 'CL1#15', 'CL1#27', 'CL1#26', 'CL1#64'], ['CL1#59', 'CL1#68', 'CL1#65', 'CL1#42', 'CL1#97', 'CL1#80', 'CL1#75', 'CL1#61', 'CL1#46', 'CL1#100', 'CL1#88', 'CL1#71', 'CL1#82', 'CL1#37', 'CL1#94'], ['CL1#93', 'CL1#19', 'CL1#85', 'CL1#28', 'CL1#2', 'CL1#32', 'CL1#7', 'CL1#6', 'CL1#69', 'CL1#4', 'CL1#17', 'CL1#62', 'CL1#81', 'CL1#77', 'CL1#90', 'CL1#13', 'CL1#70', 'CL1#11'], ['CL1#44', 'CL1#16', 'CL1#39', 'CL1#50', 'CL1#40', 'CL1#58', 'CL1#43', 'CL1#1', 'CL1#34', 'CL1#31', 'CL1#29', 'CL1#36', 'CL1#5', 'CL1#25', 'CL1#30', 'CL1#24', 'CL1#55'], ['CL1#41', 'CL1#57', 'CL1#3', 'CL1#99', 'CL1#98', 'CL1#54', 'CL1#66', 'CL1#89', 'CL1#91', 'CL1#51']]","['Dragon', 'Dragon', 'Progress', 'Dragon', 'Dragon', 'Kounotori']","[350118188, 350066538, 176779797, 350190421, 349977653, 422413890]","[[3209.199999999999, 9.984999999999998], [2965.6000000000013, 9.574000000000012], [1993.7000000000019, 7.495000000000005], [3161.699999999999, 8.216999999999997], [2976.7999999999997, 9.717999999999982], [1620.900000000001, 8.484999999999998]]","[['CL1#23', 'CL1#78', 'CL1#10', 'CL1#87', 'CL1#38', 'CL1#8', 'CL1#52', 'CL1#67', 'CL1#63', 'CL1#95', 'CL1#22', 'CL1#9', 'CL1#92', 'CL1#53', 'CL1#73', 'CL1#76', 'CL1#18', 'CL1#35', 'CL1#60'], ['CL1#48', 'CL1#83', 'CL1#96', 'CL1#86', 'CL1#47', 'CL1#79', 'CL1#21', 'CL1#72', 'CL1#20', 'CL1#33', 'CL1#45', 'CL1#74', 'CL1#49', 'CL1#56', 'CL1#14', 'CL1#84', 'CL1#12', 'CL1#15', 'CL1#27', 'CL1#26', 'CL1#64'], ['CL1#59', 'CL1#68', 'CL1#65', 'CL1#42', 'CL1#97', 'CL1#80', 'CL1#75', 'CL1#61', 'CL1#46', 'CL1#100', 'CL1#88', 'CL1#71', 'CL1#82', 'CL1#37', 'CL1#94'], ['CL1#93', 'CL1#19', 'CL1#85', 'CL1#28', 'CL1#2', 'CL1#32', 'CL1#7', 'CL1#6', 'CL1#69', 'CL1#4', 'CL1#17', 'CL1#62', 'CL1#81', 'CL1#77', 'CL1#90', 'CL1#13', 'CL1#70', 'CL1#11'], ['CL1#44', 'CL1#16', 'CL1#39', 'CL1#50', 'CL1#40', 'CL1#58', 'CL1#43', 'CL1#1', 'CL1#34', 'CL1#31', 'CL1#29', 'CL1#36', 'CL1#5', 'CL1#25', 'CL1#30', 'CL1#24', 'CL1#55'], ['CL1#41', 'CL1#57', 'CL1#3', 'CL1#99', 'CL1#98', 'CL1#54', 'CL1#66', 'CL1#89', 'CL1#91', 'CL1#51']]"
23,random all,2000,1868418674,1868415096,"['Cygnus', 'Dragon', 'Progress', 'Kounotori', 'Progress', 'Dragon']","[391848503, 350080952, 176811504, 423020512, 176773274, 349883929]","[[1801.5999999999997, 9.357000000000005], [3690.5999999999995, 9.794], [2179.4999999999977, 7.58200000000001], [4375.299999999992, 13.436], [2146.7000000000016, 6.401000000000001], [1734.2, 6.903999999999998]]","[['CL1#42', 'CL1#96', 'CL1#22', 'CL1#3', 'CL1#60', 'CL1#47', 'CL1#91', 'CL1#54', 'CL1#1', 'CL1#84', 'CL1#94', 'CL1#20', 'CL1#11', 'CL1#33'], ['CL1#49', 'CL1#28', 'CL1#83', 'CL1#75', 'CL1#89', 'CL1#18', 'CL1#6', 'CL1#88', 'CL1#39', 'CL1#71', 'CL1#90', 'CL1#4', 'CL1#8', 'CL1#37', 'CL1#50', 'CL1#73', 'CL1#45', 'CL1#36', 'CL1#95'], ['CL1#70', 'CL1#93', 'CL1#12', 'CL1#92', 'CL1#31', 'CL1#77', 'CL1#14', 'CL1#59', 'CL1#67', 'CL1#46', 'CL1#41', 'CL1#100', 'CL1#48', 'CL1#82', 'CL1#27', 'CL1#55'], ['CL1#5', 'CL1#62', 'CL1#78', 'CL1#53', 'CL1#26', 'CL1#17', 'CL1#63', 'CL1#10', 'CL1#2', 'CL1#74', 'CL1#68', 'CL1#29', 'CL1#51', 'CL1#80', 'CL1#24', 'CL1#61', 'CL1#7', 'CL1#99', 'CL1#56', 'CL1#32', 'CL1#38', 'CL1#76', 'CL1#64', 'CL1#34', 'CL1#16'], ['CL1#86', 'CL1#40', 'CL1#21', 'CL1#30', 'CL1#72', 'CL1#98', 'CL1#13', 'CL1#43', 'CL1#25', 'CL1#66', 'CL1#57', 'CL1#87', 'CL1#23', 'CL1#81'], ['CL1#9', 'CL1#97', 'CL1#65', 'CL1#19', 'CL1#52', 'CL1#85', 'CL1#58', 'CL1#44', 'CL1#79', 'CL1#69', 'CL1#35', 'CL1#15']]","['Cygnus', 'Dragon', 'Progress', 'Kounotori', 'Progress', 'Dragon']","[391848503, 350080952, 176811504, 423020512, 176773274, 349883929]","[[1801.5999999999997, 9.357000000000005], [3690.5999999999995, 9.794], [2179.4999999999977, 7.58200000000001], [4375.299999999992, 13.436], [2146.7000000000016, 6.401000000000001], [1734.2, 6.903999999999998]]","[['CL1#42', 'CL1#96', 'CL1#22', 'CL1#3', 'CL1#60', 'CL1#47', 'CL1#91', 'CL1#54', 'CL1#1', 'CL1#84', 'CL1#94', 'CL1#20', 'CL1#11', 'CL1#33'], ['CL1#49', 'CL1#28', 'CL1#83', 'CL1#75', 'CL1#89', 'CL1#18', 'CL1#6', 'CL1#88', 'CL1#39', 'CL1#71', 'CL1#90', 'CL1#4', 'CL1#8', 'CL1#37', 'CL1#50', 'CL1#73', 'CL1#45', 'CL1#36', 'CL1#95'], ['CL1#70', 'CL1#93', 'CL1#12', 'CL1#92', 'CL1#31', 'CL1#77', 'CL1#14', 'CL1#59', 'CL1#67', 'CL1#46', 'CL1#41', 'CL1#100', 'CL1#48', 'CL1#82', 'CL1#27', 'CL1#55'], ['CL1#5', 'CL1#62', 'CL1#78', 'CL1#53', 'CL1#26', 'CL1#17', 'CL1#63', 'CL1#10', 'CL1#2', 'CL1#74', 'CL1#68', 'CL1#29', 'CL1#51', 'CL1#80', 'CL1#24', 'CL1#61', 'CL1#7', 'CL1#99', 'CL1#56', 'CL1#32', 'CL1#38', 'CL1#76', 'CL1#64', 'CL1#34', 'CL1#16'], ['CL1#86', 'CL1#40', 'CL1#21', 'CL1#30', 'CL1#72', 'CL1#98', 'CL1#13', 'CL1#43', 'CL1#25', 'CL1#66', 'CL1#57', 'CL1#87', 'CL1#23', 'CL1#81'], ['CL1#9', 'CL1#97', 'CL1#65', 'CL1#19', 'CL1#52', 'CL1#85', 'CL1#58', 'CL1#44', 'CL1#79', 'CL1#69', 'CL1#35', 'CL1#15']]"
24,random all,2000,2620407243,2620411491,"['Progress', 'Kounotori', 'Cygnus', 'Cygnus', 'Cygnus', 'Kounotori', 'Kounotori']","[176809965, 423053848, 391846019, 391851794, 391847044, 422692843, 422305730]","[[2143.100000000003, 5.408999999999995], [4799.900000000002, 13.82799999999999], [1600.0999999999995, 7.546999999999996], [1802.400000000001, 5.991999999999994], [1420.9000000000005, 6.750999999999995], [3110.6000000000004, 11.976999999999988], [1050.899999999999, 1.9700000000000006]]","[['CL1#82', 'CL1#39', 'CL1#95', 'CL1#73', 'CL1#40', 'CL1#21', 'CL1#100', 'CL1#19', 'CL1#49', 'CL1#57', 'CL1#26', 'CL1#96'], ['CL1#36', 'CL1#81', 'CL1#64', 'CL1#34', 'CL1#20', 'CL1#43', 'CL1#88', 'CL1#4', 'CL1#17', 'CL1#51', 'CL1#98', 'CL1#61', 'CL1#22', 'CL1#84', 'CL1#45', 'CL1#59', 'CL1#79', 'CL1#44', 'CL1#86', 'CL1#23', 'CL1#13', 'CL1#12', 'CL1#92', 'CL1#69', 'CL1#71', 'CL1#32', 'CL1#55', 'CL1#25', 'CL1#18'], ['CL1#37', 'CL1#91', 'CL1#48', 'CL1#10', 'CL1#97', 'CL1#66', 'CL1#52', 'CL1#65', 'CL1#15', 'CL1#75', 'CL1#6', 'CL1#46', 'CL1#2'], ['CL1#70', 'CL1#33', 'CL1#30', 'CL1#7', 'CL1#9', 'CL1#56', 'CL1#80', 'CL1#83', 'CL1#72', 'CL1#78', 'CL1#90'], ['CL1#41', 'CL1#11', 'CL1#16', 'CL1#14', 'CL1#31', 'CL1#60', 'CL1#94', 'CL1#54', 'CL1#8', 'CL1#28', 'CL1#99'], ['CL1#85', 'CL1#74', 'CL1#76', 'CL1#35', 'CL1#24', 'CL1#3', 'CL1#77', 'CL1#93', 'CL1#5', 'CL1#53', 'CL1#63', 'CL1#67', 'CL1#47', 'CL1#38', 'CL1#62', 'CL1#87', 'CL1#27', 'CL1#50', 'CL1#89'], ['CL1#68', 'CL1#58', 'CL1#1', 'CL1#29', 'CL1#42']]","['Progress', 'Kounotori', 'Cygnus', 'Cygnus', 'Cygnus', 'Kounotori', 'Kounotori']","[176809965, 423053848, 391846019, 391851794, 391847044, 422692843, 422305730]","[[2143.100000000003, 5.408999999999995], [4799.900000000002, 13.82799999999999], [1600.0999999999995, 7.546999999999996], [1802.400000000001, 5.991999999999994], [1420.9000000000005, 6.750999999999995], [3110.6000000000004, 11.976999999999988], [1050.899999999999, 1.9700000000000006]]","[['CL1#82', 'CL1#39', 'CL1#95', 'CL1#73', 'CL1#40', 'CL1#21', 'CL1#100', 'CL1#19', 'CL1#49', 'CL1#57', 'CL1#26', 'CL1#96'], ['CL1#36', 'CL1#81', 'CL1#64', 'CL1#34', 'CL1#20', 'CL1#43', 'CL1#88', 'CL1#4', 'CL1#17', 'CL1#51', 'CL1#98', 'CL1#61', 'CL1#22', 'CL1#84', 'CL1#45', 'CL1#59', 'CL1#79', 'CL1#44', 'CL1#86', 'CL1#23', 'CL1#13', 'CL1#12', 'CL1#92', 'CL1#69', 'CL1#71', 'CL1#32', 'CL1#55', 'CL1#25', 'CL1#18'], ['CL1#37', 'CL1#91', 'CL1#48', 'CL1#10', 'CL1#97', 'CL1#66', 'CL1#52', 'CL1#65', 'CL1#15', 'CL1#75', 'CL1#6', 'CL1#46', 'CL1#2'], ['CL1#70', 'CL1#33', 'CL1#30', 'CL1#7', 'CL1#9', 'CL1#56', 'CL1#80', 'CL1#83', 'CL1#72', 'CL1#78', 'CL1#90'], ['CL1#41', 'CL1#11', 'CL1#16', 'CL1#14', 'CL1#31', 'CL1#60', 'CL1#94', 'CL1#54', 'CL1#8', 'CL1#28', 'CL1#99'], ['CL1#85', 'CL1#74', 'CL1#76', 'CL1#35', 'CL1#24', 'CL1#3', 'CL1#77', 'CL1#93', 'CL1#5', 'CL1#53', 'CL1#63', 'CL1#67', 'CL1#47', 'CL1#38', 'CL1#62', 'CL1#87', 'CL1#27', 'CL1#50', 'CL1#89'], ['CL1#68', 'CL1#58', 'CL1#1', 'CL1#29', 'CL1#42']]"
25,random all,2000,1726020916,1726016897,"['Progress', 'Progress', 'Progress', 'Kounotori', 'Kounotori', 'Dragon']","[176771485, 176733505, 176809850, 423087883, 422905826, 349712367]","[[2281.100000000001, 7.259000000000004], [1535.2000000000053, 7.004000000000003], [1773.399999999999, 7.599999999999996], [4731.099999999999, 12.128], [4437.599999999999, 13.93600000000001], [1169.5, 5.5470000000000015]]","[['CL1#60', 'CL1#40', 'CL1#55', 'CL1#61', 'CL1#48', 'CL1#26', 'CL1#73', 'CL1#77', 'CL1#11', 'CL1#29', 'CL1#86', 'CL1#45', 'CL1#97', 'CL1#36', 'CL1#7', 'CL1#63'], ['CL1#20', 'CL1#79', 'CL1#89', 'CL1#94', 'CL1#100', 'CL1#80', 'CL1#67', 'CL1#54', 'CL1#44', 'CL1#47', 'CL1#91', 'CL1#35'], ['CL1#8', 'CL1#96', 'CL1#33', 'CL1#57', 'CL1#31', 'CL1#16', 'CL1#43', 'CL1#46', 'CL1#93', 'CL1#81', 'CL1#84', 'CL1#70'], ['CL1#17', 'CL1#14', 'CL1#83', 'CL1#6', 'CL1#56', 'CL1#58', 'CL1#41', 'CL1#90', 'CL1#74', 'CL1#98', 'CL1#19', 'CL1#68', 'CL1#25', 'CL1#52', 'CL1#39', 'CL1#10', 'CL1#50', 'CL1#76', 'CL1#62', 'CL1#75', 'CL1#85', 'CL1#23', 'CL1#12', 'CL1#32', 'CL1#38', 'CL1#3', 'CL1#87', 'CL1#59'], ['CL1#53', 'CL1#1', 'CL1#2', 'CL1#30', 'CL1#13', 'CL1#51', 'CL1#24', 'CL1#4', 'CL1#66', 'CL1#65', 'CL1#71', 'CL1#27', 'CL1#5', 'CL1#15', 'CL1#88', 'CL1#21', 'CL1#49', 'CL1#34', 'CL1#95', 'CL1#42', 'CL1#28', 'CL1#92', 'CL1#18', 'CL1#64'], ['CL1#82', 'CL1#78', 'CL1#69', 'CL1#37', 'CL1#99', 'CL1#9', 'CL1#22', 'CL1#72']]","['Progress', 'Progress', 'Progress', 'Kounotori', 'Kounotori', 'Dragon']","[176771485, 176733505, 176809850, 423087883, 422905826, 349712367]","[[2281.100000000001, 7.259000000000004], [1535.2000000000053, 7.004000000000003], [1773.399999999999, 7.599999999999996], [4731.099999999999, 12.128], [4437.599999999999, 13.93600000000001], [1169.5, 5.5470000000000015]]","[['CL1#60', 'CL1#40', 'CL1#55', 'CL1#61', 'CL1#48', 'CL1#26', 'CL1#73', 'CL1#77', 'CL1#11', 'CL1#29', 'CL1#86', 'CL1#45', 'CL1#97', 'CL1#36', 'CL1#7', 'CL1#63'], ['CL1#20', 'CL1#79', 'CL1#89', 'CL1#94', 'CL1#100', 'CL1#80', 'CL1#67', 'CL1#54', 'CL1#44', 'CL1#47', 'CL1#91', 'CL1#35'], ['CL1#8', 'CL1#96', 'CL1#33', 'CL1#57', 'CL1#31', 'CL1#16', 'CL1#43', 'CL1#46', 'CL1#93', 'CL1#81', 'CL1#84', 'CL1#70'], ['CL1#17', 'CL1#14', 'CL1#83', 'CL1#6', 'CL1#56', 'CL1#58', 'CL1#41', 'CL1#90', 'CL1#74', 'CL1#98', 'CL1#19', 'CL1#68', 'CL1#25', 'CL1#52', 'CL1#39', 'CL1#10', 'CL1#50', 'CL1#76', 'CL1#62', 'CL1#75', 'CL1#85', 'CL1#23', 'CL1#12', 'CL1#32', 'CL1#38', 'CL1#3', 'CL1#87', 'CL1#59'], ['CL1#53', 'CL1#1', 'CL1#2', 'CL1#30', 'CL1#13', 'CL1#51', 'CL1#24', 'CL1#4', 'CL1#66', 'CL1#65', 'CL1#71', 'CL1#27', 'CL1#5', 'CL1#15', 'CL1#88', 'CL1#21', 'CL1#49', 'CL1#34', 'CL1#95', 'CL1#42', 'CL1#28', 'CL1#92', 'CL1#18', 'CL1#64'], ['CL1#82', 'CL1#78', 'CL1#69', 'CL1#37', 'CL1#99', 'CL1#9', 'CL1#22', 'CL1#72']]"
26,random all,2000,2259856252,2259854204,"['Dragon', 'Progress', 'Cygnus', 'Progress', 'Cygnus', 'Dragon', 'Kounotori']","[350290193, 176810677, 391852070, 176714477, 391845822, 350035512, 422307501]","[[3921.7000000000007, 9.868000000000006], [1932.8999999999999, 7.017999999999995], [1713.4999999999993, 8.244999999999996], [2354.2000000000025, 7.567000000000002], [1898.4000000000003, 8.311999999999985], [3135.9, 9.239999999999995], [971.3000000000017, 3.2240000000000024]]","[['CL1#91', 'CL1#67', 'CL1#76', 'CL1#56', 'CL1#17', 'CL1#13', 'CL1#38', 'CL1#77', 'CL1#12', 'CL1#78', 'CL1#6', 'CL1#90', 'CL1#83', 'CL1#22', 'CL1#63', 'CL1#73', 'CL1#25', 'CL1#21', 'CL1#94', 'CL1#66', 'CL1#16', 'CL1#39', 'CL1#50', 'CL1#18'], ['CL1#33', 'CL1#1', 'CL1#100', 'CL1#7', 'CL1#96', 'CL1#26', 'CL1#93', 'CL1#4', 'CL1#87', 'CL1#54', 'CL1#48', 'CL1#85', 'CL1#57'], ['CL1#92', 'CL1#69', 'CL1#36', 'CL1#59', 'CL1#46', 'CL1#15', 'CL1#44', 'CL1#65', 'CL1#20', 'CL1#11', 'CL1#43', 'CL1#9'], ['CL1#27', 'CL1#95', 'CL1#35', 'CL1#61', 'CL1#86', 'CL1#84', 'CL1#98', 'CL1#40', 'CL1#70', 'CL1#97', 'CL1#72', 'CL1#30', 'CL1#89', 'CL1#32'], ['CL1#82', 'CL1#23', 'CL1#62', 'CL1#52', 'CL1#88', 'CL1#80', 'CL1#49', 'CL1#37', 'CL1#60', 'CL1#99', 'CL1#45', 'CL1#41', 'CL1#10', 'CL1#3'], ['CL1#5', 'CL1#2', 'CL1#74', 'CL1#53', 'CL1#34', 'CL1#31', 'CL1#81', 'CL1#8', 'CL1#14', 'CL1#24', 'CL1#47', 'CL1#28', 'CL1#68', 'CL1#58', 'CL1#75', 'CL1#64', 'CL1#29'], ['CL1#79', 'CL1#19', 'CL1#51', 'CL1#42', 'CL1#71', 'CL1#55']]","['Dragon', 'Progress', 'Cygnus', 'Progress', 'Cygnus', 'Dragon', 'Kounotori']","[350290193, 176810677, 391852070, 176714477, 391845822, 350035512, 422307501]","[[3921.7000000000007, 9.868000000000006], [1932.8999999999999, 7.017999999999995], [1713.4999999999993, 8.244999999999996], [2354.2000000000025, 7.567000000000002], [1898.4000000000003, 8.311999999999985], [3135.9, 9.239999999999995], [971.3000000000017, 3.2240000000000024]]","[['CL1#91', 'CL1#67', 'CL1#76', 'CL1#56', 'CL1#17', 'CL1#13', 'CL1#38', 'CL1#77', 'CL1#12', 'CL1#78', 'CL1#6', 'CL1#90', 'CL1#83', 'CL1#22', 'CL1#63', 'CL1#73', 'CL1#25', 'CL1#21', 'CL1#94', 'CL1#66', 'CL1#16', 'CL1#39', 'CL1#50', 'CL1#18'], ['CL1#33', 'CL1#1', 'CL1#100', 'CL1#7', 'CL1#96', 'CL1#26', 'CL1#93', 'CL1#4', 'CL1#87', 'CL1#54', 'CL1#48', 'CL1#85', 'CL1#57'], ['CL1#92', 'CL1#69', 'CL1#36', 'CL1#59', 'CL1#46', 'CL1#15', 'CL1#44', 'CL1#65', 'CL1#20', 'CL1#11', 'CL1#43', 'CL1#9'], ['CL1#27', 'CL1#95', 'CL1#35', 'CL1#61', 'CL1#86', 'CL1#84', 'CL1#98', 'CL1#40', 'CL1#70', 'CL1#97', 'CL1#72', 'CL1#30', 'CL1#89', 'CL1#32'], ['CL1#82', 'CL1#23', 'CL1#62', 'CL1#52', 'CL1#88', 'CL1#80', 'CL1#49', 'CL1#37', 'CL1#60', 'CL1#99', 'CL1#45', 'CL1#41', 'CL1#10', 'CL1#3'], ['CL1#5', 'CL1#2', 'CL1#74', 'CL1#53', 'CL1#34', 'CL1#31', 'CL1#81', 'CL1#8', 'CL1#14', 'CL1#24', 'CL1#47', 'CL1#28', 'CL1#68', 'CL1#58', 'CL1#75', 'CL1#64', 'CL1#29'], ['CL1#79', 'CL1#19', 'CL1#51', 'CL1#42', 'CL1#71', 'CL1#55']]"
27,random all,2000,2086738582,2086741050,"['Progress', 'Progress', 'Progress', 'Kounotori', 'Cygnus', 'Cygnus', 'Dragon']","[176807445, 176767541, 176789821, 423007499, 391850218, 391849212, 349666846]","[[2361.3000000000015, 7.598999999999988], [2034.1999999999996, 6.2509999999999994], [2042.1000000000004, 7.358999999999998], [4607.500000000003, 13.996000000000006], [1414.100000000001, 7.099999999999997], [1829.7, 5.75499999999999], [1638.9999999999993, 5.4140000000000015]]","[['CL1#77', 'CL1#98', 'CL1#80', 'CL1#2', 'CL1#5', 'CL1#25', 'CL1#49', 'CL1#1', 'CL1#21', 'CL1#78', 'CL1#67', 'CL1#52', 'CL1#99', 'CL1#85', 'CL1#88'], ['CL1#63', 'CL1#60', 'CL1#89', 'CL1#61', 'CL1#65', 'CL1#27', 'CL1#29', 'CL1#36', 'CL1#68', 'CL1#4', 'CL1#100', 'CL1#72'], ['CL1#53', 'CL1#71', 'CL1#35', 'CL1#96', 'CL1#86', 'CL1#45', 'CL1#44', 'CL1#17', 'CL1#41', 'CL1#11', 'CL1#6', 'CL1#32', 'CL1#48', 'CL1#83'], ['CL1#12', 'CL1#90', 'CL1#40', 'CL1#76', 'CL1#93', 'CL1#70', 'CL1#16', 'CL1#15', 'CL1#62', 'CL1#43', 'CL1#51', 'CL1#34', 'CL1#94', 'CL1#20', 'CL1#91', 'CL1#87', 'CL1#95', 'CL1#81', 'CL1#19', 'CL1#59', 'CL1#23', 'CL1#97', 'CL1#28', 'CL1#26', 'CL1#8', 'CL1#79', 'CL1#37'], ['CL1#39', 'CL1#92', 'CL1#13', 'CL1#54', 'CL1#73', 'CL1#58', 'CL1#38', 'CL1#3', 'CL1#47', 'CL1#9', 'CL1#82'], ['CL1#22', 'CL1#64', 'CL1#50', 'CL1#74', 'CL1#10', 'CL1#14', 'CL1#31', 'CL1#75', 'CL1#56', 'CL1#24', 'CL1#66', 'CL1#84', 'CL1#46'], ['CL1#42', 'CL1#7', 'CL1#30', 'CL1#18', 'CL1#55', 'CL1#69', 'CL1#33', 'CL1#57']]","['Progress', 'Progress', 'Progress', 'Kounotori', 'Cygnus', 'Cygnus', 'Dragon']","[176807445, 176767541, 176789821, 423007499, 391850218, 391849212, 349666846]","[[2361.3000000000015, 7.598999999999988], [2034.1999999999996, 6.2509999999999994], [2042.1000000000004, 7.358999999999998], [4607.500000000003, 13.996000000000006], [1414.100000000001, 7.099999999999997], [1829.7, 5.75499999999999], [1638.9999999999993, 5.4140000000000015]]","[['CL1#77', 'CL1#98', 'CL1#80', 'CL1#2', 'CL1#5', 'CL1#25', 'CL1#49', 'CL1#1', 'CL1#21', 'CL1#78', 'CL1#67', 'CL1#52', 'CL1#99', 'CL1#85', 'CL1#88'], ['CL1#63', 'CL1#60', 'CL1#89', 'CL1#61', 'CL1#65', 'CL1#27', 'CL1#29', 'CL1#36', 'CL1#68', 'CL1#4', 'CL1#100', 'CL1#72'], ['CL1#53', 'CL1#71', 'CL1#35', 'CL1#96', 'CL1#86', 'CL1#45', 'CL1#44', 'CL1#17', 'CL1#41', 'CL1#11', 'CL1#6', 'CL1#32', 'CL1#48', 'CL1#83'], ['CL1#12', 'CL1#90', 'CL1#40', 'CL1#76', 'CL1#93', 'CL1#70', 'CL1#16', 'CL1#15', 'CL1#62', 'CL1#43', 'CL1#51', 'CL1#34', 'CL1#94', 'CL1#20', 'CL1#91', 'CL1#87', 'CL1#95', 'CL1#81', 'CL1#19', 'CL1#59', 'CL1#23', 'CL1#97', 'CL1#28', 'CL1#26', 'CL1#8', 'CL1#79', 'CL1#37'], ['CL1#39', 'CL1#92', 'CL1#13', 'CL1#54', 'CL1#73', 'CL1#58', 'CL1#38', 'CL1#3', 'CL1#47', 'CL1#9', 'CL1#82'], ['CL1#22', 'CL1#64', 'CL1#50', 'CL1#74', 'CL1#10', 'CL1#14', 'CL1#31', 'CL1#75', 'CL1#56', 'CL1#24', 'CL1#66', 'CL1#84', 'CL1#46'], ['CL1#42', 'CL1#7', 'CL1#30', 'CL1#18', 'CL1#55', 'CL1#69', 'CL1#33', 'CL1#57']]"
28,random all,2000,1722822987,1722816496,"['Kounotori', 'Dragon', 'Dragon', 'Progress', 'Kounotori']","[423227792, 350123389, 350039342, 176687425, 422745039]","[[4997.7, 13.959000000000005], [3326.599999999999, 9.928999999999997], [3012.3999999999996, 9.527000000000008], [1598.1999999999994, 7.498000000000007], [2993.000000000001, 12.561000000000012]]","[['CL1#97', 'CL1#85', 'CL1#19', 'CL1#11', 'CL1#25', 'CL1#94', 'CL1#62', 'CL1#51', 'CL1#37', 'CL1#80', 'CL1#48', 'CL1#3', 'CL1#20', 'CL1#4', 'CL1#7', 'CL1#91', 'CL1#75', 'CL1#45', 'CL1#29', 'CL1#78', 'CL1#42', 'CL1#61', 'CL1#27', 'CL1#43', 'CL1#74', 'CL1#34', 'CL1#10', 'CL1#52', 'CL1#71', 'CL1#41', 'CL1#26', 'CL1#6', 'CL1#70', 'CL1#100', 'CL1#21'], ['CL1#50', 'CL1#5', 'CL1#90', 'CL1#76', 'CL1#59', 'CL1#55', 'CL1#81', 'CL1#1', 'CL1#2', 'CL1#64', 'CL1#23', 'CL1#35', 'CL1#28', 'CL1#13', 'CL1#72', 'CL1#33', 'CL1#66', 'CL1#68', 'CL1#31', 'CL1#12'], ['CL1#86', 'CL1#56', 'CL1#95', 'CL1#77', 'CL1#40', 'CL1#14', 'CL1#98', 'CL1#36', 'CL1#39', 'CL1#18', 'CL1#32', 'CL1#8', 'CL1#46', 'CL1#60', 'CL1#96', 'CL1#15', 'CL1#67'], ['CL1#79', 'CL1#99', 'CL1#84', 'CL1#22', 'CL1#49', 'CL1#83', 'CL1#30', 'CL1#44', 'CL1#87', 'CL1#38', 'CL1#54'], ['CL1#53', 'CL1#88', 'CL1#93', 'CL1#57', 'CL1#65', 'CL1#9', 'CL1#92', 'CL1#24', 'CL1#17', 'CL1#73', 'CL1#82', 'CL1#16', 'CL1#63', 'CL1#47', 'CL1#89', 'CL1#58', 'CL1#69']]","['Kounotori', 'Dragon', 'Dragon', 'Progress', 'Kounotori']","[423227792, 350123389, 350039342, 176687425, 422745039]","[[4997.7, 13.959000000000005], [3326.599999999999, 9.928999999999997], [3012.3999999999996, 9.527000000000008], [1598.1999999999994, 7.498000000000007], [2993.000000000001, 12.561000000000012]]","[['CL1#97', 'CL1#85', 'CL1#19', 'CL1#11', 'CL1#25', 'CL1#94', 'CL1#62', 'CL1#51', 'CL1#37', 'CL1#80', 'CL1#48', 'CL1#3', 'CL1#20', 'CL1#4', 'CL1#7', 'CL1#91', 'CL1#75', 'CL1#45', 'CL1#29', 'CL1#78', 'CL1#42', 'CL1#61', 'CL1#27', 'CL1#43', 'CL1#74', 'CL1#34', 'CL1#10', 'CL1#52', 'CL1#71', 'CL1#41', 'CL1#26', 'CL1#6', 'CL1#70', 'CL1#100', 'CL1#21'], ['CL1#50', 'CL1#5', 'CL1#90', 'CL1#76', 'CL1#59', 'CL1#55', 'CL1#81', 'CL1#1', 'CL1#2', 'CL1#64', 'CL1#23', 'CL1#35', 'CL1#28', 'CL1#13', 'CL1#72', 'CL1#33', 'CL1#66', 'CL1#68', 'CL1#31', 'CL1#12'], ['CL1#86', 'CL1#56', 'CL1#95', 'CL1#77', 'CL1#40', 'CL1#14', 'CL1#98', 'CL1#36', 'CL1#39', 'CL1#18', 'CL1#32', 'CL1#8', 'CL1#46', 'CL1#60', 'CL1#96', 'CL1#15', 'CL1#67'], ['CL1#79', 'CL1#99', 'CL1#84', 'CL1#22', 'CL1#49', 'CL1#83', 'CL1#30', 'CL1#44', 'CL1#87', 'CL1#38', 'CL1#54'], ['CL1#53', 'CL1#88', 'CL1#93', 'CL1#57', 'CL1#65', 'CL1#9', 'CL1#92', 'CL1#24', 'CL1#17', 'CL1#73', 'CL1#82', 'CL1#16', 'CL1#63', 'CL1#47', 'CL1#89', 'CL1#58', 'CL1#69']]"
29,random all,2000,2125532924,2125529630,"['Cygnus', 'Cygnus', 'Progress', 'Dragon', 'Kounotori', 'Cygnus']","[391850316, 391849685, 176789032, 349993317, 423205225, 391845349]","[[1503.4, 7.3480000000000025], [1962.0000000000007, 9.679000000000004], [2261.3, 7.167000000000002], [3136.9000000000005, 9.642000000000014], [5192.999999999997, 13.992999999999995], [1871.3000000000022, 5.645000000000001]]","[['CL1#96', 'CL1#39', 'CL1#4', 'CL1#36', 'CL1#25', 'CL1#81', 'CL1#46', 'CL1#7', 'CL1#24', 'CL1#91', 'CL1#54'], ['CL1#84', 'CL1#5', 'CL1#59', 'CL1#41', 'CL1#58', 'CL1#65', 'CL1#82', 'CL1#63', 'CL1#83', 'CL1#51', 'CL1#47', 'CL1#26', 'CL1#37', 'CL1#87'], ['CL1#22', 'CL1#61', 'CL1#72', 'CL1#10', 'CL1#60', 'CL1#85', 'CL1#76', 'CL1#14', 'CL1#27', 'CL1#3', 'CL1#45', 'CL1#8', 'CL1#13', 'CL1#43', 'CL1#15', 'CL1#23'], ['CL1#12', 'CL1#77', 'CL1#17', 'CL1#92', 'CL1#29', 'CL1#56', 'CL1#99', 'CL1#69', 'CL1#90', 'CL1#80', 'CL1#70', 'CL1#89', 'CL1#62', 'CL1#30', 'CL1#94', 'CL1#9', 'CL1#28'], ['CL1#1', 'CL1#42', 'CL1#34', 'CL1#18', 'CL1#95', 'CL1#6', 'CL1#53', 'CL1#55', 'CL1#35', 'CL1#21', 'CL1#20', 'CL1#86', 'CL1#88', 'CL1#64', 'CL1#73', 'CL1#2', 'CL1#40', 'CL1#75', 'CL1#57', 'CL1#78', 'CL1#32', 'CL1#16', 'CL1#97', 'CL1#100', 'CL1#50', 'CL1#66', 'CL1#52', 'CL1#31', 'CL1#93', 'CL1#48', 'CL1#67'], ['CL1#38', 'CL1#74', 'CL1#49', 'CL1#44', 'CL1#98', 'CL1#11', 'CL1#71', 'CL1#33', 'CL1#68', 'CL1#79', 'CL1#19']]","['Cygnus', 'Cygnus', 'Progress', 'Dragon', 'Kounotori', 'Cygnus']","[391850316, 391849685, 176789032, 349993317, 423205225, 391845349]","[[1503.4, 7.3480000000000025], [1962.0000000000007, 9.679000000000004], [2261.3, 7.167000000000002], [3136.9000000000005, 9.642000000000014], [5192.999999999997, 13.992999999999995], [1871.3000000000022, 5.645000000000001]]","[['CL1#96', 'CL1#39', 'CL1#4', 'CL1#36', 'CL1#25', 'CL1#81', 'CL1#46', 'CL1#7', 'CL1#24', 'CL1#91', 'CL1#54'], ['CL1#84', 'CL1#5', 'CL1#59', 'CL1#41', 'CL1#58', 'CL1#65', 'CL1#82', 'CL1#63', 'CL1#83', 'CL1#51', 'CL1#47', 'CL1#26', 'CL1#37', 'CL1#87'], ['CL1#22', 'CL1#61', 'CL1#72', 'CL1#10', 'CL1#60', 'CL1#85', 'CL1#76', 'CL1#14', 'CL1#27', 'CL1#3', 'CL1#45', 'CL1#8', 'CL1#13', 'CL1#43', 'CL1#15', 'CL1#23'], ['CL1#12', 'CL1#77', 'CL1#17', 'CL1#92', 'CL1#29', 'CL1#56', 'CL1#99', 'CL1#69', 'CL1#90', 'CL1#80', 'CL1#70', 'CL1#89', 'CL1#62', 'CL1#30', 'CL1#94', 'CL1#9', 'CL1#28'], ['CL1#1', 'CL1#42', 'CL1#34', 'CL1#18', 'CL1#95', 'CL1#6', 'CL1#53', 'CL1#55', 'CL1#35', 'CL1#21', 'CL1#20', 'CL1#86', 'CL1#88', 'CL1#64', 'CL1#73', 'CL1#2', 'CL1#40', 'CL1#75', 'CL1#57', 'CL1#78', 'CL1#32', 'CL1#16', 'CL1#97', 'CL1#100', 'CL1#50', 'CL1#66', 'CL1#52', 'CL1#31', 'CL1#93', 'CL1#48', 'CL1#67'], ['CL1#38', 'CL1#74', 'CL1#49', 'CL1#44', 'CL1#98', 'CL1#11', 'CL1#71', 'CL1#33', 'CL1#68', 'CL1#79', 'CL1#19']]"
