,algorithm_name,iterations,start_solution_costs,end_solution_costs,start_fleet,end_fleet,start_costs_spacecraft,start_packed_mass_vol,start_packed_parcels,end_costs_spacecraft,end_packed_mass_vol,end_packed_parcels
0,random all,10,2114254120,2114254117,"['Progress', 'Dragon', 'Dragon', 'Kounotori', 'Cygnus', 'Kounotori']","[176805020, 350203626, 350050652, 422973238, 391843871, 422377713]","[[2362.2999999999997, 7.082999999999998], [3691.0000000000005, 9.976], [2932.2, 9.995999999999999], [3940.2, 13.915999999999999], [1935.1000000000001, 7.954000000000001], [1067.1000000000001, 4.5489999999999995]]","[['CL1#22', 'CL1#79', 'CL1#41', 'CL1#96', 'CL1#25', 'CL1#34', 'CL1#92', 'CL1#6', 'CL1#87', 'CL1#80', 'CL1#48', 'CL1#21', 'CL1#16', 'CL1#91', 'CL1#81', 'CL1#35', 'CL1#39'], ['CL1#68', 'CL1#2', 'CL1#51', 'CL1#1', 'CL1#89', 'CL1#14', 'CL1#4', 'CL1#71', 'CL1#30', 'CL1#93', 'CL1#49', 'CL1#62', 'CL1#40', 'CL1#28', 'CL1#95', 'CL1#88', 'CL1#31'], ['CL1#57', 'CL1#54', 'CL1#9', 'CL1#44', 'CL1#66', 'CL1#17', 'CL1#52', 'CL1#58', 'CL1#90', 'CL1#76', 'CL1#94', 'CL1#50', 'CL1#29', 'CL1#85', 'CL1#72', 'CL1#99', 'CL1#70'], ['CL1#33', 'CL1#45', 'CL1#11', 'CL1#38', 'CL1#10', 'CL1#32', 'CL1#67', 'CL1#18', 'CL1#83', 'CL1#20', 'CL1#47', 'CL1#69', 'CL1#75', 'CL1#5', 'CL1#42', 'CL1#24', 'CL1#37', 'CL1#74', 'CL1#73', 'CL1#53', 'CL1#13', 'CL1#27', 'CL1#100', 'CL1#65', 'CL1#59', 'CL1#23', 'CL1#43'], ['CL1#78', 'CL1#98', 'CL1#8', 'CL1#15', 'CL1#12', 'CL1#82', 'CL1#19', 'CL1#86', 'CL1#64', 'CL1#26', 'CL1#3', 'CL1#60', 'CL1#56', 'CL1#55'], ['CL1#97', 'CL1#77', 'CL1#84', 'CL1#7', 'CL1#36', 'CL1#63', 'CL1#46', 'CL1#61']]","['Progress', 'Dragon', 'Dragon', 'Kounotori', 'Cygnus', 'Kounotori']","[176805020, 350203626, 350050652, 422973238, 391843871, 422377713]","[[2362.2999999999997, 7.082999999999998], [3691.0000000000005, 9.976], [2932.2, 9.995999999999999], [3940.2, 13.915999999999999], [1935.1000000000001, 7.954000000000001], [1067.1000000000001, 4.5489999999999995]]","[['CL1#22', 'CL1#79', 'CL1#41', 'CL1#96', 'CL1#25', 'CL1#34', 'CL1#92', 'CL1#6', 'CL1#87', 'CL1#80', 'CL1#48', 'CL1#21', 'CL1#16', 'CL1#91', 'CL1#81', 'CL1#35', 'CL1#39'], ['CL1#68', 'CL1#2', 'CL1#51', 'CL1#1', 'CL1#89', 'CL1#14', 'CL1#4', 'CL1#71', 'CL1#30', 'CL1#93', 'CL1#49', 'CL1#62', 'CL1#40', 'CL1#28', 'CL1#95', 'CL1#88', 'CL1#31'], ['CL1#57', 'CL1#54', 'CL1#9', 'CL1#44', 'CL1#66', 'CL1#17', 'CL1#52', 'CL1#58', 'CL1#90', 'CL1#76', 'CL1#94', 'CL1#50', 'CL1#29', 'CL1#85', 'CL1#72', 'CL1#99', 'CL1#70'], ['CL1#33', 'CL1#45', 'CL1#11', 'CL1#38', 'CL1#10', 'CL1#32', 'CL1#67', 'CL1#18', 'CL1#83', 'CL1#20', 'CL1#47', 'CL1#69', 'CL1#75', 'CL1#5', 'CL1#42', 'CL1#24', 'CL1#37', 'CL1#74', 'CL1#73', 'CL1#53', 'CL1#13', 'CL1#27', 'CL1#100', 'CL1#65', 'CL1#59', 'CL1#23', 'CL1#43'], ['CL1#78', 'CL1#98', 'CL1#8', 'CL1#15', 'CL1#12', 'CL1#82', 'CL1#19', 'CL1#86', 'CL1#64', 'CL1#26', 'CL1#3', 'CL1#60', 'CL1#56', 'CL1#55'], ['CL1#97', 'CL1#77', 'CL1#84', 'CL1#7', 'CL1#36', 'CL1#63', 'CL1#46', 'CL1#61']]"
1,random all,10,2290579357,2290579058,"['Progress', 'Kounotori', 'Dragon', 'Progress', 'Cygnus', 'Dragon', 'Kounotori']","[176804116, 422968955, 349998055, 176795862, 391839614, 349994930, 422177825]","[[2356.9, 7.521], [3867.7, 13.888], [2672.0000000000005, 9.311], [2314.0, 7.5390000000000015], [1950.1000000000004, 5.122], [2690.1, 8.956000000000001], [77.1, 1.137]]","[['CL1#71', 'CL1#32', 'CL1#72', 'CL1#47', 'CL1#5', 'CL1#23', 'CL1#50', 'CL1#75', 'CL1#90', 'CL1#53', 'CL1#70', 'CL1#77', 'CL1#25', 'CL1#21', 'CL1#45', 'CL1#29'], ['CL1#36', 'CL1#78', 'CL1#59', 'CL1#98', 'CL1#99', 'CL1#54', 'CL1#51', 'CL1#52', 'CL1#66', 'CL1#4', 'CL1#60', 'CL1#83', 'CL1#31', 'CL1#37', 'CL1#56', 'CL1#24', 'CL1#76', 'CL1#68', 'CL1#40', 'CL1#87', 'CL1#79', 'CL1#73', 'CL1#6', 'CL1#7', 'CL1#9'], ['CL1#89', 'CL1#82', 'CL1#12', 'CL1#49', 'CL1#3', 'CL1#2', 'CL1#17', 'CL1#13', 'CL1#65', 'CL1#94', 'CL1#27', 'CL1#63', 'CL1#43', 'CL1#61', 'CL1#74', 'CL1#16', 'CL1#91'], ['CL1#69', 'CL1#58', 'CL1#85', 'CL1#41', 'CL1#38', 'CL1#42', 'CL1#92', 'CL1#1', 'CL1#44', 'CL1#8', 'CL1#10', 'CL1#97', 'CL1#26', 'CL1#62'], ['CL1#18', 'CL1#95', 'CL1#57', 'CL1#22', 'CL1#39', 'CL1#80', 'CL1#100', 'CL1#35', 'CL1#28', 'CL1#81', 'CL1#86'], ['CL1#64', 'CL1#46', 'CL1#93', 'CL1#30', 'CL1#48', 'CL1#34', 'CL1#20', 'CL1#67', 'CL1#11', 'CL1#33', 'CL1#88', 'CL1#96', 'CL1#19', 'CL1#14', 'CL1#84', 'CL1#55'], ['CL1#15']]","['Progress', 'Kounotori', 'Dragon', 'Progress', 'Cygnus', 'Dragon', 'Kounotori']","[176804116, 422968955, 349998055, 176795862, 391839614, 349994930, 422177825]","[[2356.9, 7.521], [3867.7, 13.888], [2672.0000000000005, 9.311], [2314.0, 7.5390000000000015], [1950.1000000000004, 5.122], [2690.1, 8.956000000000001], [77.1, 1.137]]","[['CL1#71', 'CL1#32', 'CL1#72', 'CL1#47', 'CL1#5', 'CL1#23', 'CL1#50', 'CL1#75', 'CL1#90', 'CL1#53', 'CL1#70', 'CL1#77', 'CL1#25', 'CL1#21', 'CL1#45', 'CL1#29'], ['CL1#36', 'CL1#78', 'CL1#59', 'CL1#98', 'CL1#99', 'CL1#54', 'CL1#51', 'CL1#52', 'CL1#66', 'CL1#4', 'CL1#60', 'CL1#83', 'CL1#31', 'CL1#37', 'CL1#56', 'CL1#24', 'CL1#76', 'CL1#68', 'CL1#40', 'CL1#87', 'CL1#79', 'CL1#73', 'CL1#6', 'CL1#7', 'CL1#9'], ['CL1#89', 'CL1#82', 'CL1#12', 'CL1#49', 'CL1#3', 'CL1#2', 'CL1#17', 'CL1#13', 'CL1#65', 'CL1#94', 'CL1#27', 'CL1#63', 'CL1#43', 'CL1#61', 'CL1#74', 'CL1#16', 'CL1#91'], ['CL1#69', 'CL1#58', 'CL1#85', 'CL1#41', 'CL1#38', 'CL1#42', 'CL1#92', 'CL1#1', 'CL1#44', 'CL1#8', 'CL1#10', 'CL1#97', 'CL1#26', 'CL1#62'], ['CL1#18', 'CL1#95', 'CL1#57', 'CL1#22', 'CL1#39', 'CL1#80', 'CL1#100', 'CL1#35', 'CL1#28', 'CL1#81', 'CL1#86'], ['CL1#64', 'CL1#46', 'CL1#93', 'CL1#30', 'CL1#48', 'CL1#34', 'CL1#20', 'CL1#67', 'CL1#11', 'CL1#33', 'CL1#88', 'CL1#96', 'CL1#19', 'CL1#14', 'CL1#84', 'CL1#55'], ['CL1#15']]"
2,random all,10,1722817491,1722817491,"['Dragon', 'Kounotori', 'Kounotori', 'Progress', 'Dragon']","[350127865, 422947438, 423005111, 176793515, 349943562]","[[3472.1, 9.731999999999998], [3814.899999999999, 13.988], [4095.0000000000005, 13.975999999999999], [2301.8, 7.571], [2244.0999999999995, 8.206999999999999]]","[['CL1#4', 'CL1#76', 'CL1#10', 'CL1#51', 'CL1#3', 'CL1#71', 'CL1#32', 'CL1#45', 'CL1#58', 'CL1#48', 'CL1#91', 'CL1#64', 'CL1#29', 'CL1#21', 'CL1#25', 'CL1#50', 'CL1#88', 'CL1#53', 'CL1#6', 'CL1#15'], ['CL1#20', 'CL1#14', 'CL1#7', 'CL1#100', 'CL1#79', 'CL1#83', 'CL1#66', 'CL1#17', 'CL1#38', 'CL1#5', 'CL1#16', 'CL1#68', 'CL1#78', 'CL1#44', 'CL1#28', 'CL1#49', 'CL1#54', 'CL1#96', 'CL1#2', 'CL1#1', 'CL1#46', 'CL1#70', 'CL1#23', 'CL1#59', 'CL1#84'], ['CL1#24', 'CL1#61', 'CL1#33', 'CL1#39', 'CL1#55', 'CL1#8', 'CL1#11', 'CL1#35', 'CL1#94', 'CL1#86', 'CL1#9', 'CL1#63', 'CL1#43', 'CL1#93', 'CL1#34', 'CL1#22', 'CL1#80', 'CL1#30', 'CL1#99', 'CL1#85', 'CL1#95', 'CL1#73', 'CL1#74', 'CL1#56', 'CL1#87', 'CL1#31', 'CL1#92'], ['CL1#52', 'CL1#37', 'CL1#42', 'CL1#47', 'CL1#19', 'CL1#26', 'CL1#69', 'CL1#27', 'CL1#13', 'CL1#12', 'CL1#41', 'CL1#36', 'CL1#82', 'CL1#77', 'CL1#60', 'CL1#40'], ['CL1#72', 'CL1#62', 'CL1#97', 'CL1#89', 'CL1#81', 'CL1#90', 'CL1#57', 'CL1#18', 'CL1#67', 'CL1#98', 'CL1#65', 'CL1#75']]","['Dragon', 'Kounotori', 'Kounotori', 'Progress', 'Dragon']","[350127865, 422947438, 423005111, 176793515, 349943562]","[[3472.1, 9.731999999999998], [3814.899999999999, 13.988], [4095.0000000000005, 13.975999999999999], [2301.8, 7.571], [2244.0999999999995, 8.206999999999999]]","[['CL1#4', 'CL1#76', 'CL1#10', 'CL1#51', 'CL1#3', 'CL1#71', 'CL1#32', 'CL1#45', 'CL1#58', 'CL1#48', 'CL1#91', 'CL1#64', 'CL1#29', 'CL1#21', 'CL1#25', 'CL1#50', 'CL1#88', 'CL1#53', 'CL1#6', 'CL1#15'], ['CL1#20', 'CL1#14', 'CL1#7', 'CL1#100', 'CL1#79', 'CL1#83', 'CL1#66', 'CL1#17', 'CL1#38', 'CL1#5', 'CL1#16', 'CL1#68', 'CL1#78', 'CL1#44', 'CL1#28', 'CL1#49', 'CL1#54', 'CL1#96', 'CL1#2', 'CL1#1', 'CL1#46', 'CL1#70', 'CL1#23', 'CL1#59', 'CL1#84'], ['CL1#24', 'CL1#61', 'CL1#33', 'CL1#39', 'CL1#55', 'CL1#8', 'CL1#11', 'CL1#35', 'CL1#94', 'CL1#86', 'CL1#9', 'CL1#63', 'CL1#43', 'CL1#93', 'CL1#34', 'CL1#22', 'CL1#80', 'CL1#30', 'CL1#99', 'CL1#85', 'CL1#95', 'CL1#73', 'CL1#74', 'CL1#56', 'CL1#87', 'CL1#31', 'CL1#92'], ['CL1#52', 'CL1#37', 'CL1#42', 'CL1#47', 'CL1#19', 'CL1#26', 'CL1#69', 'CL1#27', 'CL1#13', 'CL1#12', 'CL1#41', 'CL1#36', 'CL1#82', 'CL1#77', 'CL1#60', 'CL1#40'], ['CL1#72', 'CL1#62', 'CL1#97', 'CL1#89', 'CL1#81', 'CL1#90', 'CL1#57', 'CL1#18', 'CL1#67', 'CL1#98', 'CL1#65', 'CL1#75']]"
3,random all,10,2041544104,2041544057,"['Cygnus', 'Dragon', 'Progress', 'Kounotori', 'Dragon', 'Dragon']","[391851834, 350361116, 176772659, 422760337, 350041620, 349756538]","[[1940.5999999999995, 6.370000000000002], [4472.199999999999, 9.985000000000003], [2203.4, 7.581], [2951.0, 13.824000000000002], [2887.4, 9.9], [1473.3000000000002, 5.814]]","[['CL1#94', 'CL1#85', 'CL1#27', 'CL1#63', 'CL1#17', 'CL1#19', 'CL1#24', 'CL1#68', 'CL1#31', 'CL1#60', 'CL1#43', 'CL1#82', 'CL1#38', 'CL1#10'], ['CL1#18', 'CL1#29', 'CL1#62', 'CL1#95', 'CL1#59', 'CL1#77', 'CL1#5', 'CL1#72', 'CL1#96', 'CL1#14', 'CL1#45', 'CL1#47', 'CL1#8', 'CL1#20', 'CL1#83', 'CL1#64', 'CL1#34', 'CL1#73', 'CL1#16', 'CL1#69', 'CL1#6', 'CL1#100', 'CL1#48', 'CL1#21', 'CL1#49'], ['CL1#92', 'CL1#91', 'CL1#39', 'CL1#22', 'CL1#40', 'CL1#81', 'CL1#11', 'CL1#55', 'CL1#71', 'CL1#76', 'CL1#84', 'CL1#90'], ['CL1#93', 'CL1#7', 'CL1#75', 'CL1#66', 'CL1#99', 'CL1#44', 'CL1#1', 'CL1#54', 'CL1#9', 'CL1#3', 'CL1#52', 'CL1#41', 'CL1#87', 'CL1#12', 'CL1#61', 'CL1#33', 'CL1#97', 'CL1#67', 'CL1#50', 'CL1#79', 'CL1#26', 'CL1#70', 'CL1#35', 'CL1#42', 'CL1#32'], ['CL1#30', 'CL1#37', 'CL1#46', 'CL1#57', 'CL1#88', 'CL1#2', 'CL1#65', 'CL1#13', 'CL1#78', 'CL1#51', 'CL1#28', 'CL1#23', 'CL1#80', 'CL1#4', 'CL1#56', 'CL1#25', 'CL1#86'], ['CL1#15', 'CL1#53', 'CL1#98', 'CL1#58', 'CL1#74', 'CL1#36', 'CL1#89']]","['Cygnus', 'Dragon', 'Progress', 'Kounotori', 'Dragon', 'Dragon']","[391851834, 350361116, 176772659, 422760337, 350041620, 349756538]","[[1940.5999999999995, 6.370000000000002], [4472.199999999999, 9.985000000000003], [2203.4, 7.581], [2951.0, 13.824000000000002], [2887.4, 9.9], [1473.3000000000002, 5.814]]","[['CL1#94', 'CL1#85', 'CL1#27', 'CL1#63', 'CL1#17', 'CL1#19', 'CL1#24', 'CL1#68', 'CL1#31', 'CL1#60', 'CL1#43', 'CL1#82', 'CL1#38', 'CL1#10'], ['CL1#18', 'CL1#29', 'CL1#62', 'CL1#95', 'CL1#59', 'CL1#77', 'CL1#5', 'CL1#72', 'CL1#96', 'CL1#14', 'CL1#45', 'CL1#47', 'CL1#8', 'CL1#20', 'CL1#83', 'CL1#64', 'CL1#34', 'CL1#73', 'CL1#16', 'CL1#69', 'CL1#6', 'CL1#100', 'CL1#48', 'CL1#21', 'CL1#49'], ['CL1#92', 'CL1#91', 'CL1#39', 'CL1#22', 'CL1#40', 'CL1#81', 'CL1#11', 'CL1#55', 'CL1#71', 'CL1#76', 'CL1#84', 'CL1#90'], ['CL1#93', 'CL1#7', 'CL1#75', 'CL1#66', 'CL1#99', 'CL1#44', 'CL1#1', 'CL1#54', 'CL1#9', 'CL1#3', 'CL1#52', 'CL1#41', 'CL1#87', 'CL1#12', 'CL1#61', 'CL1#33', 'CL1#97', 'CL1#67', 'CL1#50', 'CL1#79', 'CL1#26', 'CL1#70', 'CL1#35', 'CL1#42', 'CL1#32'], ['CL1#30', 'CL1#37', 'CL1#46', 'CL1#57', 'CL1#88', 'CL1#2', 'CL1#65', 'CL1#13', 'CL1#78', 'CL1#51', 'CL1#28', 'CL1#23', 'CL1#80', 'CL1#4', 'CL1#56', 'CL1#25', 'CL1#86'], ['CL1#15', 'CL1#53', 'CL1#98', 'CL1#58', 'CL1#74', 'CL1#36', 'CL1#89']]"
4,random all,10,2298664298,2298664298,"['Cygnus', 'Dragon', 'Kounotori', 'Cygnus', 'Dragon', 'Cygnus']","[391847084, 350137017, 423032599, 391842235, 350174656, 391630707]","[[1964.6999999999998, 7.913], [3367.2, 9.753000000000002], [4228.5, 13.956], [1946.7, 7.246], [3547.2999999999997, 9.941], [873.5, 4.665]]","[['CL1#41', 'CL1#20', 'CL1#6', 'CL1#38', 'CL1#5', 'CL1#28', 'CL1#43', 'CL1#58', 'CL1#94', 'CL1#90', 'CL1#30', 'CL1#47', 'CL1#70'], ['CL1#14', 'CL1#34', 'CL1#68', 'CL1#46', 'CL1#69', 'CL1#45', 'CL1#9', 'CL1#91', 'CL1#40', 'CL1#73', 'CL1#22', 'CL1#50', 'CL1#12', 'CL1#56', 'CL1#21', 'CL1#88', 'CL1#49', 'CL1#39', 'CL1#96'], ['CL1#83', 'CL1#93', 'CL1#54', 'CL1#71', 'CL1#8', 'CL1#72', 'CL1#23', 'CL1#2', 'CL1#60', 'CL1#80', 'CL1#86', 'CL1#48', 'CL1#10', 'CL1#74', 'CL1#1', 'CL1#52', 'CL1#3', 'CL1#42', 'CL1#19', 'CL1#85', 'CL1#99', 'CL1#55', 'CL1#100', 'CL1#92', 'CL1#37', 'CL1#95', 'CL1#17', 'CL1#29', 'CL1#67'], ['CL1#63', 'CL1#61', 'CL1#16', 'CL1#97', 'CL1#32', 'CL1#4', 'CL1#78', 'CL1#65', 'CL1#64', 'CL1#27', 'CL1#62', 'CL1#66', 'CL1#44'], ['CL1#7', 'CL1#57', 'CL1#35', 'CL1#77', 'CL1#82', 'CL1#84', 'CL1#36', 'CL1#75', 'CL1#89', 'CL1#87', 'CL1#11', 'CL1#79', 'CL1#53', 'CL1#76', 'CL1#59', 'CL1#33', 'CL1#25', 'CL1#18', 'CL1#31'], ['CL1#51', 'CL1#26', 'CL1#13', 'CL1#24', 'CL1#81', 'CL1#98', 'CL1#15']]","['Cygnus', 'Dragon', 'Kounotori', 'Cygnus', 'Dragon', 'Cygnus']","[391847084, 350137017, 423032599, 391842235, 350174656, 391630707]","[[1964.6999999999998, 7.913], [3367.2, 9.753000000000002], [4228.5, 13.956], [1946.7, 7.246], [3547.2999999999997, 9.941], [873.5, 4.665]]","[['CL1#41', 'CL1#20', 'CL1#6', 'CL1#38', 'CL1#5', 'CL1#28', 'CL1#43', 'CL1#58', 'CL1#94', 'CL1#90', 'CL1#30', 'CL1#47', 'CL1#70'], ['CL1#14', 'CL1#34', 'CL1#68', 'CL1#46', 'CL1#69', 'CL1#45', 'CL1#9', 'CL1#91', 'CL1#40', 'CL1#73', 'CL1#22', 'CL1#50', 'CL1#12', 'CL1#56', 'CL1#21', 'CL1#88', 'CL1#49', 'CL1#39', 'CL1#96'], ['CL1#83', 'CL1#93', 'CL1#54', 'CL1#71', 'CL1#8', 'CL1#72', 'CL1#23', 'CL1#2', 'CL1#60', 'CL1#80', 'CL1#86', 'CL1#48', 'CL1#10', 'CL1#74', 'CL1#1', 'CL1#52', 'CL1#3', 'CL1#42', 'CL1#19', 'CL1#85', 'CL1#99', 'CL1#55', 'CL1#100', 'CL1#92', 'CL1#37', 'CL1#95', 'CL1#17', 'CL1#29', 'CL1#67'], ['CL1#63', 'CL1#61', 'CL1#16', 'CL1#97', 'CL1#32', 'CL1#4', 'CL1#78', 'CL1#65', 'CL1#64', 'CL1#27', 'CL1#62', 'CL1#66', 'CL1#44'], ['CL1#7', 'CL1#57', 'CL1#35', 'CL1#77', 'CL1#82', 'CL1#84', 'CL1#36', 'CL1#75', 'CL1#89', 'CL1#87', 'CL1#11', 'CL1#79', 'CL1#53', 'CL1#76', 'CL1#59', 'CL1#33', 'CL1#25', 'CL1#18', 'CL1#31'], ['CL1#51', 'CL1#26', 'CL1#13', 'CL1#24', 'CL1#81', 'CL1#98', 'CL1#15']]"
5,random all,10,2444257769,2444257769,"['Dragon', 'Cygnus', 'Cygnus', 'Cygnus', 'Progress', 'Cygnus', 'Dragon']","[350031016, 391849685, 391851361, 391849725, 176798825, 391847754, 350029403]","[[2977.0, 8.780000000000001], [1914.7, 10.49], [1993.0, 7.401], [1983.8000000000002, 4.444000000000001], [2329.4, 7.055000000000001], [1753.2, 6.929], [2976.8, 8.375]]","[['CL1#85', 'CL1#100', 'CL1#43', 'CL1#58', 'CL1#9', 'CL1#44', 'CL1#28', 'CL1#14', 'CL1#50', 'CL1#78', 'CL1#90', 'CL1#59', 'CL1#63', 'CL1#54', 'CL1#13', 'CL1#26', 'CL1#74', 'CL1#4'], ['CL1#71', 'CL1#61', 'CL1#82', 'CL1#92', 'CL1#3', 'CL1#55', 'CL1#29', 'CL1#98', 'CL1#41', 'CL1#76', 'CL1#72', 'CL1#47', 'CL1#15', 'CL1#96', 'CL1#93'], ['CL1#34', 'CL1#8', 'CL1#5', 'CL1#87', 'CL1#42', 'CL1#95', 'CL1#2', 'CL1#68', 'CL1#12', 'CL1#37', 'CL1#75', 'CL1#99', 'CL1#70'], ['CL1#25', 'CL1#77', 'CL1#16', 'CL1#48', 'CL1#69', 'CL1#27', 'CL1#89', 'CL1#73', 'CL1#52', 'CL1#84', 'CL1#64', 'CL1#22'], ['CL1#62', 'CL1#88', 'CL1#86', 'CL1#18', 'CL1#79', 'CL1#57', 'CL1#35', 'CL1#30', 'CL1#66', 'CL1#97', 'CL1#67', 'CL1#60', 'CL1#38'], ['CL1#80', 'CL1#32', 'CL1#21', 'CL1#7', 'CL1#45', 'CL1#53', 'CL1#39', 'CL1#20', 'CL1#65', 'CL1#40', 'CL1#83', 'CL1#10'], ['CL1#24', 'CL1#46', 'CL1#33', 'CL1#6', 'CL1#56', 'CL1#31', 'CL1#11', 'CL1#81', 'CL1#51', 'CL1#23', 'CL1#17', 'CL1#36', 'CL1#94', 'CL1#1', 'CL1#91', 'CL1#49', 'CL1#19']]","['Dragon', 'Cygnus', 'Cygnus', 'Cygnus', 'Progress', 'Cygnus', 'Dragon']","[350031016, 391849685, 391851361, 391849725, 176798825, 391847754, 350029403]","[[2977.0, 8.780000000000001], [1914.7, 10.49], [1993.0, 7.401], [1983.8000000000002, 4.444000000000001], [2329.4, 7.055000000000001], [1753.2, 6.929], [2976.8, 8.375]]","[['CL1#85', 'CL1#100', 'CL1#43', 'CL1#58', 'CL1#9', 'CL1#44', 'CL1#28', 'CL1#14', 'CL1#50', 'CL1#78', 'CL1#90', 'CL1#59', 'CL1#63', 'CL1#54', 'CL1#13', 'CL1#26', 'CL1#74', 'CL1#4'], ['CL1#71', 'CL1#61', 'CL1#82', 'CL1#92', 'CL1#3', 'CL1#55', 'CL1#29', 'CL1#98', 'CL1#41', 'CL1#76', 'CL1#72', 'CL1#47', 'CL1#15', 'CL1#96', 'CL1#93'], ['CL1#34', 'CL1#8', 'CL1#5', 'CL1#87', 'CL1#42', 'CL1#95', 'CL1#2', 'CL1#68', 'CL1#12', 'CL1#37', 'CL1#75', 'CL1#99', 'CL1#70'], ['CL1#25', 'CL1#77', 'CL1#16', 'CL1#48', 'CL1#69', 'CL1#27', 'CL1#89', 'CL1#73', 'CL1#52', 'CL1#84', 'CL1#64', 'CL1#22'], ['CL1#62', 'CL1#88', 'CL1#86', 'CL1#18', 'CL1#79', 'CL1#57', 'CL1#35', 'CL1#30', 'CL1#66', 'CL1#97', 'CL1#67', 'CL1#60', 'CL1#38'], ['CL1#80', 'CL1#32', 'CL1#21', 'CL1#7', 'CL1#45', 'CL1#53', 'CL1#39', 'CL1#20', 'CL1#65', 'CL1#40', 'CL1#83', 'CL1#10'], ['CL1#24', 'CL1#46', 'CL1#33', 'CL1#6', 'CL1#56', 'CL1#31', 'CL1#11', 'CL1#81', 'CL1#51', 'CL1#23', 'CL1#17', 'CL1#36', 'CL1#94', 'CL1#1', 'CL1#91', 'CL1#49', 'CL1#19']]"
6,random all,10,1868414199,1868414198,"['Progress', 'Progress', 'Dragon', 'Kounotori', 'Cygnus', 'Dragon']","[176793534, 176801730, 350228927, 422822519, 391841506, 349925983]","[[2301.8999999999996, 7.587999999999999], [2344.5, 7.525000000000001], [3839.1, 9.963000000000001], [3208.2, 13.956999999999999], [1942.9999999999998, 5.298], [2291.2, 9.143000000000002]]","[['CL1#96', 'CL1#5', 'CL1#53', 'CL1#63', 'CL1#19', 'CL1#36', 'CL1#67', 'CL1#34', 'CL1#56', 'CL1#29', 'CL1#21', 'CL1#77', 'CL1#62', 'CL1#35'], ['CL1#24', 'CL1#55', 'CL1#48', 'CL1#12', 'CL1#13', 'CL1#42', 'CL1#31', 'CL1#22', 'CL1#10', 'CL1#30', 'CL1#86', 'CL1#2', 'CL1#40', 'CL1#83', 'CL1#6'], ['CL1#61', 'CL1#44', 'CL1#74', 'CL1#89', 'CL1#7', 'CL1#73', 'CL1#80', 'CL1#11', 'CL1#49', 'CL1#84', 'CL1#17', 'CL1#18', 'CL1#88', 'CL1#33', 'CL1#16', 'CL1#72', 'CL1#8', 'CL1#82', 'CL1#26', 'CL1#38', 'CL1#47'], ['CL1#37', 'CL1#69', 'CL1#43', 'CL1#78', 'CL1#65', 'CL1#28', 'CL1#94', 'CL1#92', 'CL1#9', 'CL1#98', 'CL1#93', 'CL1#64', 'CL1#23', 'CL1#45', 'CL1#91', 'CL1#58', 'CL1#25', 'CL1#71', 'CL1#75', 'CL1#97', 'CL1#76', 'CL1#46', 'CL1#52'], ['CL1#59', 'CL1#27', 'CL1#54', 'CL1#87', 'CL1#100', 'CL1#32', 'CL1#1', 'CL1#95', 'CL1#85', 'CL1#57', 'CL1#4', 'CL1#70'], ['CL1#66', 'CL1#3', 'CL1#20', 'CL1#90', 'CL1#60', 'CL1#79', 'CL1#50', 'CL1#15', 'CL1#51', 'CL1#81', 'CL1#39', 'CL1#41', 'CL1#68', 'CL1#99', 'CL1#14']]","['Progress', 'Progress', 'Dragon', 'Kounotori', 'Cygnus', 'Dragon']","[176793534, 176801730, 350228927, 422822519, 391841506, 349925983]","[[2301.8999999999996, 7.587999999999999], [2344.5, 7.525000000000001], [3839.1, 9.963000000000001], [3208.2, 13.956999999999999], [1942.9999999999998, 5.298], [2291.2, 9.143000000000002]]","[['CL1#96', 'CL1#5', 'CL1#53', 'CL1#63', 'CL1#19', 'CL1#36', 'CL1#67', 'CL1#34', 'CL1#56', 'CL1#29', 'CL1#21', 'CL1#77', 'CL1#62', 'CL1#35'], ['CL1#24', 'CL1#55', 'CL1#48', 'CL1#12', 'CL1#13', 'CL1#42', 'CL1#31', 'CL1#22', 'CL1#10', 'CL1#30', 'CL1#86', 'CL1#2', 'CL1#40', 'CL1#83', 'CL1#6'], ['CL1#61', 'CL1#44', 'CL1#74', 'CL1#89', 'CL1#7', 'CL1#73', 'CL1#80', 'CL1#11', 'CL1#49', 'CL1#84', 'CL1#17', 'CL1#18', 'CL1#88', 'CL1#33', 'CL1#16', 'CL1#72', 'CL1#8', 'CL1#82', 'CL1#26', 'CL1#38', 'CL1#47'], ['CL1#37', 'CL1#69', 'CL1#43', 'CL1#78', 'CL1#65', 'CL1#28', 'CL1#94', 'CL1#92', 'CL1#9', 'CL1#98', 'CL1#93', 'CL1#64', 'CL1#23', 'CL1#45', 'CL1#91', 'CL1#58', 'CL1#25', 'CL1#71', 'CL1#75', 'CL1#97', 'CL1#76', 'CL1#46', 'CL1#52'], ['CL1#59', 'CL1#27', 'CL1#54', 'CL1#87', 'CL1#100', 'CL1#32', 'CL1#1', 'CL1#95', 'CL1#85', 'CL1#57', 'CL1#4', 'CL1#70'], ['CL1#66', 'CL1#3', 'CL1#20', 'CL1#90', 'CL1#60', 'CL1#79', 'CL1#50', 'CL1#15', 'CL1#51', 'CL1#81', 'CL1#39', 'CL1#41', 'CL1#68', 'CL1#99', 'CL1#14']]"
7,random all,10,1983147713,1983147711,"['Progress', 'Cygnus', 'Kounotori', 'Kounotori', 'Cygnus', 'Progress']","[176796535, 391852307, 423023477, 423165157, 391846611, 176463626]","[[2317.5, 7.566999999999999], [1997.8, 8.565000000000001], [4184.2, 13.962999999999997], [4875.9000000000015, 13.785], [1958.2999999999997, 7.003000000000002], [594.2, 2.591]]","[['CL1#100', 'CL1#79', 'CL1#78', 'CL1#11', 'CL1#46', 'CL1#31', 'CL1#81', 'CL1#17', 'CL1#63', 'CL1#94', 'CL1#87', 'CL1#92', 'CL1#50', 'CL1#14', 'CL1#21', 'CL1#84'], ['CL1#53', 'CL1#23', 'CL1#48', 'CL1#19', 'CL1#24', 'CL1#60', 'CL1#93', 'CL1#51', 'CL1#36', 'CL1#28', 'CL1#75', 'CL1#96', 'CL1#43', 'CL1#71'], ['CL1#97', 'CL1#39', 'CL1#82', 'CL1#91', 'CL1#95', 'CL1#73', 'CL1#35', 'CL1#20', 'CL1#86', 'CL1#74', 'CL1#69', 'CL1#42', 'CL1#27', 'CL1#44', 'CL1#57', 'CL1#7', 'CL1#98', 'CL1#52', 'CL1#83', 'CL1#16', 'CL1#9', 'CL1#12', 'CL1#76', 'CL1#32', 'CL1#10', 'CL1#6', 'CL1#55', 'CL1#25'], ['CL1#8', 'CL1#58', 'CL1#47', 'CL1#33', 'CL1#41', 'CL1#2', 'CL1#88', 'CL1#22', 'CL1#64', 'CL1#45', 'CL1#61', 'CL1#66', 'CL1#65', 'CL1#49', 'CL1#62', 'CL1#38', 'CL1#80', 'CL1#26', 'CL1#54', 'CL1#56', 'CL1#68', 'CL1#1', 'CL1#77', 'CL1#29', 'CL1#90', 'CL1#40'], ['CL1#99', 'CL1#34', 'CL1#3', 'CL1#13', 'CL1#15', 'CL1#67', 'CL1#59', 'CL1#4', 'CL1#30', 'CL1#85', 'CL1#72', 'CL1#89'], ['CL1#18', 'CL1#37', 'CL1#70', 'CL1#5']]","['Progress', 'Cygnus', 'Kounotori', 'Kounotori', 'Cygnus', 'Progress']","[176796535, 391852307, 423023477, 423165157, 391846611, 176463626]","[[2317.5, 7.566999999999999], [1997.8, 8.565000000000001], [4184.2, 13.962999999999997], [4875.9000000000015, 13.785], [1958.2999999999997, 7.003000000000002], [594.2, 2.591]]","[['CL1#100', 'CL1#79', 'CL1#78', 'CL1#11', 'CL1#46', 'CL1#31', 'CL1#81', 'CL1#17', 'CL1#63', 'CL1#94', 'CL1#87', 'CL1#92', 'CL1#50', 'CL1#14', 'CL1#21', 'CL1#84'], ['CL1#53', 'CL1#23', 'CL1#48', 'CL1#19', 'CL1#24', 'CL1#60', 'CL1#93', 'CL1#51', 'CL1#36', 'CL1#28', 'CL1#75', 'CL1#96', 'CL1#43', 'CL1#71'], ['CL1#97', 'CL1#39', 'CL1#82', 'CL1#91', 'CL1#95', 'CL1#73', 'CL1#35', 'CL1#20', 'CL1#86', 'CL1#74', 'CL1#69', 'CL1#42', 'CL1#27', 'CL1#44', 'CL1#57', 'CL1#7', 'CL1#98', 'CL1#52', 'CL1#83', 'CL1#16', 'CL1#9', 'CL1#12', 'CL1#76', 'CL1#32', 'CL1#10', 'CL1#6', 'CL1#55', 'CL1#25'], ['CL1#8', 'CL1#58', 'CL1#47', 'CL1#33', 'CL1#41', 'CL1#2', 'CL1#88', 'CL1#22', 'CL1#64', 'CL1#45', 'CL1#61', 'CL1#66', 'CL1#65', 'CL1#49', 'CL1#62', 'CL1#38', 'CL1#80', 'CL1#26', 'CL1#54', 'CL1#56', 'CL1#68', 'CL1#1', 'CL1#77', 'CL1#29', 'CL1#90', 'CL1#40'], ['CL1#99', 'CL1#34', 'CL1#3', 'CL1#13', 'CL1#15', 'CL1#67', 'CL1#59', 'CL1#4', 'CL1#30', 'CL1#85', 'CL1#72', 'CL1#89'], ['CL1#18', 'CL1#37', 'CL1#70', 'CL1#5']]"
8,random all,10,2360277155,2360277155,"['Cygnus', 'Progress', 'Dragon', 'Cygnus', 'Dragon', 'Dragon', 'Dragon']","[391852583, 176808330, 350053636, 391845763, 350148247, 349951586, 349617010]","[[1999.2, 5.343], [2373.4999999999995, 7.343999999999999], [2947.0, 9.995], [1964.6000000000004, 7.553000000000001], [3416.3, 9.962000000000002], [2446.1, 9.855000000000002], [781.2, 3.4219999999999997]]","[['CL1#90', 'CL1#92', 'CL1#97', 'CL1#29', 'CL1#1', 'CL1#22', 'CL1#21', 'CL1#63', 'CL1#16', 'CL1#40', 'CL1#4'], ['CL1#39', 'CL1#20', 'CL1#51', 'CL1#14', 'CL1#33', 'CL1#8', 'CL1#77', 'CL1#2', 'CL1#25', 'CL1#60', 'CL1#66', 'CL1#54', 'CL1#38', 'CL1#35'], ['CL1#45', 'CL1#69', 'CL1#9', 'CL1#74', 'CL1#23', 'CL1#62', 'CL1#19', 'CL1#47', 'CL1#80', 'CL1#31', 'CL1#96', 'CL1#81', 'CL1#42', 'CL1#78', 'CL1#26', 'CL1#99', 'CL1#84', 'CL1#71', 'CL1#48', 'CL1#87'], ['CL1#30', 'CL1#15', 'CL1#59', 'CL1#79', 'CL1#28', 'CL1#43', 'CL1#11', 'CL1#70', 'CL1#24', 'CL1#49', 'CL1#89', 'CL1#67'], ['CL1#61', 'CL1#56', 'CL1#57', 'CL1#85', 'CL1#52', 'CL1#91', 'CL1#18', 'CL1#46', 'CL1#50', 'CL1#34', 'CL1#98', 'CL1#76', 'CL1#36', 'CL1#3', 'CL1#7', 'CL1#88', 'CL1#82', 'CL1#100', 'CL1#6', 'CL1#95'], ['CL1#72', 'CL1#27', 'CL1#94', 'CL1#41', 'CL1#13', 'CL1#44', 'CL1#17', 'CL1#65', 'CL1#93', 'CL1#5', 'CL1#64', 'CL1#12', 'CL1#83', 'CL1#68', 'CL1#32', 'CL1#73', 'CL1#53', 'CL1#75'], ['CL1#37', 'CL1#58', 'CL1#10', 'CL1#55', 'CL1#86']]","['Cygnus', 'Progress', 'Dragon', 'Cygnus', 'Dragon', 'Dragon', 'Dragon']","[391852583, 176808330, 350053636, 391845763, 350148247, 349951586, 349617010]","[[1999.2, 5.343], [2373.4999999999995, 7.343999999999999], [2947.0, 9.995], [1964.6000000000004, 7.553000000000001], [3416.3, 9.962000000000002], [2446.1, 9.855000000000002], [781.2, 3.4219999999999997]]","[['CL1#90', 'CL1#92', 'CL1#97', 'CL1#29', 'CL1#1', 'CL1#22', 'CL1#21', 'CL1#63', 'CL1#16', 'CL1#40', 'CL1#4'], ['CL1#39', 'CL1#20', 'CL1#51', 'CL1#14', 'CL1#33', 'CL1#8', 'CL1#77', 'CL1#2', 'CL1#25', 'CL1#60', 'CL1#66', 'CL1#54', 'CL1#38', 'CL1#35'], ['CL1#45', 'CL1#69', 'CL1#9', 'CL1#74', 'CL1#23', 'CL1#62', 'CL1#19', 'CL1#47', 'CL1#80', 'CL1#31', 'CL1#96', 'CL1#81', 'CL1#42', 'CL1#78', 'CL1#26', 'CL1#99', 'CL1#84', 'CL1#71', 'CL1#48', 'CL1#87'], ['CL1#30', 'CL1#15', 'CL1#59', 'CL1#79', 'CL1#28', 'CL1#43', 'CL1#11', 'CL1#70', 'CL1#24', 'CL1#49', 'CL1#89', 'CL1#67'], ['CL1#61', 'CL1#56', 'CL1#57', 'CL1#85', 'CL1#52', 'CL1#91', 'CL1#18', 'CL1#46', 'CL1#50', 'CL1#34', 'CL1#98', 'CL1#76', 'CL1#36', 'CL1#3', 'CL1#7', 'CL1#88', 'CL1#82', 'CL1#100', 'CL1#6', 'CL1#95'], ['CL1#72', 'CL1#27', 'CL1#94', 'CL1#41', 'CL1#13', 'CL1#44', 'CL1#17', 'CL1#65', 'CL1#93', 'CL1#5', 'CL1#64', 'CL1#12', 'CL1#83', 'CL1#68', 'CL1#32', 'CL1#73', 'CL1#53', 'CL1#75'], ['CL1#37', 'CL1#58', 'CL1#10', 'CL1#55', 'CL1#86']]"
9,random all,10,2198258887,2198258887,"['Cygnus', 'Progress', 'Cygnus', 'Kounotori', 'Kounotori', 'Cygnus']","[391851164, 176786261, 391850612, 423197669, 422997287, 391575894]","[[1864.8999999999996, 6.8809999999999985], [2264.1000000000004, 7.586000000000001], [1735.8, 6.932000000000001], [5036.299999999998, 13.944000000000003], [4116.9, 13.848], [909.9, 4.283]]","[['CL1#7', 'CL1#32', 'CL1#26', 'CL1#60', 'CL1#3', 'CL1#69', 'CL1#19', 'CL1#34', 'CL1#10', 'CL1#62', 'CL1#43', 'CL1#50', 'CL1#54'], ['CL1#92', 'CL1#73', 'CL1#35', 'CL1#27', 'CL1#12', 'CL1#71', 'CL1#75', 'CL1#72', 'CL1#90', 'CL1#53', 'CL1#37', 'CL1#58', 'CL1#91', 'CL1#74', 'CL1#31', 'CL1#56'], ['CL1#87', 'CL1#68', 'CL1#77', 'CL1#20', 'CL1#24', 'CL1#57', 'CL1#78', 'CL1#70', 'CL1#13', 'CL1#45', 'CL1#63', 'CL1#84'], ['CL1#97', 'CL1#8', 'CL1#65', 'CL1#5', 'CL1#23', 'CL1#47', 'CL1#95', 'CL1#52', 'CL1#49', 'CL1#22', 'CL1#64', 'CL1#4', 'CL1#61', 'CL1#33', 'CL1#9', 'CL1#17', 'CL1#36', 'CL1#18', 'CL1#59', 'CL1#2', 'CL1#40', 'CL1#80', 'CL1#46', 'CL1#41', 'CL1#66', 'CL1#21', 'CL1#6', 'CL1#67'], ['CL1#28', 'CL1#86', 'CL1#44', 'CL1#82', 'CL1#99', 'CL1#1', 'CL1#89', 'CL1#79', 'CL1#11', 'CL1#81', 'CL1#100', 'CL1#76', 'CL1#85', 'CL1#93', 'CL1#15', 'CL1#30', 'CL1#88', 'CL1#38', 'CL1#98', 'CL1#25', 'CL1#96', 'CL1#29', 'CL1#48', 'CL1#14', 'CL1#42'], ['CL1#94', 'CL1#16', 'CL1#55', 'CL1#51', 'CL1#39', 'CL1#83']]","['Cygnus', 'Progress', 'Cygnus', 'Kounotori', 'Kounotori', 'Cygnus']","[391851164, 176786261, 391850612, 423197669, 422997287, 391575894]","[[1864.8999999999996, 6.8809999999999985], [2264.1000000000004, 7.586000000000001], [1735.8, 6.932000000000001], [5036.299999999998, 13.944000000000003], [4116.9, 13.848], [909.9, 4.283]]","[['CL1#7', 'CL1#32', 'CL1#26', 'CL1#60', 'CL1#3', 'CL1#69', 'CL1#19', 'CL1#34', 'CL1#10', 'CL1#62', 'CL1#43', 'CL1#50', 'CL1#54'], ['CL1#92', 'CL1#73', 'CL1#35', 'CL1#27', 'CL1#12', 'CL1#71', 'CL1#75', 'CL1#72', 'CL1#90', 'CL1#53', 'CL1#37', 'CL1#58', 'CL1#91', 'CL1#74', 'CL1#31', 'CL1#56'], ['CL1#87', 'CL1#68', 'CL1#77', 'CL1#20', 'CL1#24', 'CL1#57', 'CL1#78', 'CL1#70', 'CL1#13', 'CL1#45', 'CL1#63', 'CL1#84'], ['CL1#97', 'CL1#8', 'CL1#65', 'CL1#5', 'CL1#23', 'CL1#47', 'CL1#95', 'CL1#52', 'CL1#49', 'CL1#22', 'CL1#64', 'CL1#4', 'CL1#61', 'CL1#33', 'CL1#9', 'CL1#17', 'CL1#36', 'CL1#18', 'CL1#59', 'CL1#2', 'CL1#40', 'CL1#80', 'CL1#46', 'CL1#41', 'CL1#66', 'CL1#21', 'CL1#6', 'CL1#67'], ['CL1#28', 'CL1#86', 'CL1#44', 'CL1#82', 'CL1#99', 'CL1#1', 'CL1#89', 'CL1#79', 'CL1#11', 'CL1#81', 'CL1#100', 'CL1#76', 'CL1#85', 'CL1#93', 'CL1#15', 'CL1#30', 'CL1#88', 'CL1#38', 'CL1#98', 'CL1#25', 'CL1#96', 'CL1#29', 'CL1#48', 'CL1#14', 'CL1#42'], ['CL1#94', 'CL1#16', 'CL1#55', 'CL1#51', 'CL1#39', 'CL1#83']]"
10,random all,10,2329390068,2329390068,"['Kounotori', 'Cygnus', 'Kounotori', 'Cygnus', 'Dragon', 'Dragon']","[423058769, 391851578, 423033608, 391851893, 350114358, 349479862]","[[4355.599999999999, 13.987000000000004], [1980.4999999999995, 6.100000000000003], [4233.400000000001, 13.955], [1926.1999999999998, 9.952999999999998], [3130.7000000000003, 9.17], [301.5, 0.309]]","[['CL1#84', 'CL1#1', 'CL1#90', 'CL1#6', 'CL1#70', 'CL1#10', 'CL1#71', 'CL1#76', 'CL1#52', 'CL1#35', 'CL1#34', 'CL1#73', 'CL1#83', 'CL1#49', 'CL1#39', 'CL1#96', 'CL1#68', 'CL1#44', 'CL1#4', 'CL1#62', 'CL1#60', 'CL1#64', 'CL1#67', 'CL1#15', 'CL1#41', 'CL1#43', 'CL1#21', 'CL1#29'], ['CL1#66', 'CL1#95', 'CL1#45', 'CL1#55', 'CL1#30', 'CL1#8', 'CL1#56', 'CL1#3', 'CL1#23', 'CL1#88', 'CL1#47', 'CL1#61'], ['CL1#93', 'CL1#81', 'CL1#77', 'CL1#5', 'CL1#28', 'CL1#19', 'CL1#38', 'CL1#13', 'CL1#40', 'CL1#59', 'CL1#46', 'CL1#24', 'CL1#97', 'CL1#54', 'CL1#36', 'CL1#22', 'CL1#89', 'CL1#53', 'CL1#20', 'CL1#75', 'CL1#85', 'CL1#58', 'CL1#74', 'CL1#32', 'CL1#25'], ['CL1#7', 'CL1#16', 'CL1#63', 'CL1#72', 'CL1#42', 'CL1#92', 'CL1#94', 'CL1#99', 'CL1#50', 'CL1#100', 'CL1#57', 'CL1#2', 'CL1#27', 'CL1#82', 'CL1#98'], ['CL1#78', 'CL1#80', 'CL1#37', 'CL1#9', 'CL1#18', 'CL1#91', 'CL1#48', 'CL1#12', 'CL1#31', 'CL1#14', 'CL1#26', 'CL1#86', 'CL1#33', 'CL1#51', 'CL1#65', 'CL1#11', 'CL1#69', 'CL1#87', 'CL1#79'], ['CL1#17']]","['Kounotori', 'Cygnus', 'Kounotori', 'Cygnus', 'Dragon', 'Dragon']","[423058769, 391851578, 423033608, 391851893, 350114358, 349479862]","[[4355.599999999999, 13.987000000000004], [1980.4999999999995, 6.100000000000003], [4233.400000000001, 13.955], [1926.1999999999998, 9.952999999999998], [3130.7000000000003, 9.17], [301.5, 0.309]]","[['CL1#84', 'CL1#1', 'CL1#90', 'CL1#6', 'CL1#70', 'CL1#10', 'CL1#71', 'CL1#76', 'CL1#52', 'CL1#35', 'CL1#34', 'CL1#73', 'CL1#83', 'CL1#49', 'CL1#39', 'CL1#96', 'CL1#68', 'CL1#44', 'CL1#4', 'CL1#62', 'CL1#60', 'CL1#64', 'CL1#67', 'CL1#15', 'CL1#41', 'CL1#43', 'CL1#21', 'CL1#29'], ['CL1#66', 'CL1#95', 'CL1#45', 'CL1#55', 'CL1#30', 'CL1#8', 'CL1#56', 'CL1#3', 'CL1#23', 'CL1#88', 'CL1#47', 'CL1#61'], ['CL1#93', 'CL1#81', 'CL1#77', 'CL1#5', 'CL1#28', 'CL1#19', 'CL1#38', 'CL1#13', 'CL1#40', 'CL1#59', 'CL1#46', 'CL1#24', 'CL1#97', 'CL1#54', 'CL1#36', 'CL1#22', 'CL1#89', 'CL1#53', 'CL1#20', 'CL1#75', 'CL1#85', 'CL1#58', 'CL1#74', 'CL1#32', 'CL1#25'], ['CL1#7', 'CL1#16', 'CL1#63', 'CL1#72', 'CL1#42', 'CL1#92', 'CL1#94', 'CL1#99', 'CL1#50', 'CL1#100', 'CL1#57', 'CL1#2', 'CL1#27', 'CL1#82', 'CL1#98'], ['CL1#78', 'CL1#80', 'CL1#37', 'CL1#9', 'CL1#18', 'CL1#91', 'CL1#48', 'CL1#12', 'CL1#31', 'CL1#14', 'CL1#26', 'CL1#86', 'CL1#33', 'CL1#51', 'CL1#65', 'CL1#11', 'CL1#69', 'CL1#87', 'CL1#79'], ['CL1#17']]"
11,random all,10,1983124337,1983124337,"['Cygnus', 'Progress', 'Kounotori', 'Cygnus', 'Progress', 'Kounotori']","[391848286, 176804982, 423219679, 391850257, 176788570, 422612563]","[[1995.4, 7.083000000000002], [2355.2999999999997, 6.88], [5199.1, 13.789000000000001], [1932.0999999999997, 9.806], [2274.5, 7.286000000000002], [2171.5, 8.63]]","[['CL1#1', 'CL1#11', 'CL1#29', 'CL1#32', 'CL1#78', 'CL1#33', 'CL1#97', 'CL1#67', 'CL1#27', 'CL1#37', 'CL1#61', 'CL1#83', 'CL1#35', 'CL1#55'], ['CL1#87', 'CL1#42', 'CL1#62', 'CL1#52', 'CL1#8', 'CL1#90', 'CL1#39', 'CL1#16', 'CL1#60', 'CL1#73', 'CL1#28', 'CL1#30', 'CL1#48'], ['CL1#100', 'CL1#59', 'CL1#54', 'CL1#9', 'CL1#20', 'CL1#23', 'CL1#2', 'CL1#40', 'CL1#95', 'CL1#56', 'CL1#10', 'CL1#66', 'CL1#93', 'CL1#80', 'CL1#17', 'CL1#38', 'CL1#76', 'CL1#7', 'CL1#34', 'CL1#58', 'CL1#64', 'CL1#21', 'CL1#57', 'CL1#50', 'CL1#53', 'CL1#82', 'CL1#25', 'CL1#19', 'CL1#6', 'CL1#81'], ['CL1#89', 'CL1#18', 'CL1#84', 'CL1#77', 'CL1#3', 'CL1#5', 'CL1#46', 'CL1#41', 'CL1#98', 'CL1#15', 'CL1#71', 'CL1#65', 'CL1#63'], ['CL1#22', 'CL1#92', 'CL1#86', 'CL1#94', 'CL1#96', 'CL1#36', 'CL1#68', 'CL1#74', 'CL1#91', 'CL1#14', 'CL1#44', 'CL1#79', 'CL1#26', 'CL1#31', 'CL1#72'], ['CL1#49', 'CL1#69', 'CL1#12', 'CL1#24', 'CL1#4', 'CL1#13', 'CL1#88', 'CL1#43', 'CL1#99', 'CL1#75', 'CL1#51', 'CL1#47', 'CL1#45', 'CL1#85', 'CL1#70']]","['Cygnus', 'Progress', 'Kounotori', 'Cygnus', 'Progress', 'Kounotori']","[391848286, 176804982, 423219679, 391850257, 176788570, 422612563]","[[1995.4, 7.083000000000002], [2355.2999999999997, 6.88], [5199.1, 13.789000000000001], [1932.0999999999997, 9.806], [2274.5, 7.286000000000002], [2171.5, 8.63]]","[['CL1#1', 'CL1#11', 'CL1#29', 'CL1#32', 'CL1#78', 'CL1#33', 'CL1#97', 'CL1#67', 'CL1#27', 'CL1#37', 'CL1#61', 'CL1#83', 'CL1#35', 'CL1#55'], ['CL1#87', 'CL1#42', 'CL1#62', 'CL1#52', 'CL1#8', 'CL1#90', 'CL1#39', 'CL1#16', 'CL1#60', 'CL1#73', 'CL1#28', 'CL1#30', 'CL1#48'], ['CL1#100', 'CL1#59', 'CL1#54', 'CL1#9', 'CL1#20', 'CL1#23', 'CL1#2', 'CL1#40', 'CL1#95', 'CL1#56', 'CL1#10', 'CL1#66', 'CL1#93', 'CL1#80', 'CL1#17', 'CL1#38', 'CL1#76', 'CL1#7', 'CL1#34', 'CL1#58', 'CL1#64', 'CL1#21', 'CL1#57', 'CL1#50', 'CL1#53', 'CL1#82', 'CL1#25', 'CL1#19', 'CL1#6', 'CL1#81'], ['CL1#89', 'CL1#18', 'CL1#84', 'CL1#77', 'CL1#3', 'CL1#5', 'CL1#46', 'CL1#41', 'CL1#98', 'CL1#15', 'CL1#71', 'CL1#65', 'CL1#63'], ['CL1#22', 'CL1#92', 'CL1#86', 'CL1#94', 'CL1#96', 'CL1#36', 'CL1#68', 'CL1#74', 'CL1#91', 'CL1#14', 'CL1#44', 'CL1#79', 'CL1#26', 'CL1#31', 'CL1#72'], ['CL1#49', 'CL1#69', 'CL1#12', 'CL1#24', 'CL1#4', 'CL1#13', 'CL1#88', 'CL1#43', 'CL1#99', 'CL1#75', 'CL1#51', 'CL1#47', 'CL1#45', 'CL1#85', 'CL1#70']]"
12,random all,10,2301879919,2301879459,"['Cygnus', 'Cygnus', 'Dragon', 'Cygnus', 'Kounotori', 'Progress', 'Progress']","[391847281, 391847379, 350273662, 391847439, 422955551, 176735929, 176372678]","[[1919.8000000000002, 6.689000000000002], [1985.4, 6.360000000000001], [4041.7999999999993, 9.816999999999995], [1997.2999999999997, 8.983999999999998], [3849.3, 13.360000000000001], [2002.4999999999998, 7.557], [131.8, 0.707]]","[['CL1#28', 'CL1#16', 'CL1#82', 'CL1#6', 'CL1#32', 'CL1#95', 'CL1#30', 'CL1#48', 'CL1#86', 'CL1#20', 'CL1#15', 'CL1#3', 'CL1#97'], ['CL1#94', 'CL1#4', 'CL1#83', 'CL1#49', 'CL1#71', 'CL1#36', 'CL1#24', 'CL1#42', 'CL1#51', 'CL1#64', 'CL1#23', 'CL1#7', 'CL1#25'], ['CL1#96', 'CL1#58', 'CL1#85', 'CL1#100', 'CL1#65', 'CL1#40', 'CL1#89', 'CL1#90', 'CL1#17', 'CL1#50', 'CL1#26', 'CL1#87', 'CL1#35', 'CL1#74', 'CL1#11', 'CL1#52', 'CL1#45', 'CL1#29', 'CL1#56', 'CL1#81', 'CL1#13', 'CL1#88'], ['CL1#44', 'CL1#59', 'CL1#61', 'CL1#38', 'CL1#70', 'CL1#77', 'CL1#78', 'CL1#31', 'CL1#54', 'CL1#99', 'CL1#27', 'CL1#9', 'CL1#79', 'CL1#98', 'CL1#46'], ['CL1#76', 'CL1#91', 'CL1#62', 'CL1#1', 'CL1#66', 'CL1#8', 'CL1#68', 'CL1#63', 'CL1#84', 'CL1#92', 'CL1#60', 'CL1#19', 'CL1#22', 'CL1#57', 'CL1#2', 'CL1#39', 'CL1#75', 'CL1#21', 'CL1#12', 'CL1#67', 'CL1#53', 'CL1#14', 'CL1#80'], ['CL1#47', 'CL1#72', 'CL1#33', 'CL1#5', 'CL1#37', 'CL1#34', 'CL1#69', 'CL1#43', 'CL1#93', 'CL1#73', 'CL1#18', 'CL1#55', 'CL1#10'], ['CL1#41']]","['Cygnus', 'Cygnus', 'Dragon', 'Cygnus', 'Kounotori', 'Progress', 'Progress']","[391847281, 391847379, 350273662, 391847439, 422955551, 176735929, 176372678]","[[1919.8000000000002, 6.689000000000002], [1985.4, 6.360000000000001], [4041.7999999999993, 9.816999999999995], [1997.2999999999997, 8.983999999999998], [3849.3, 13.360000000000001], [2002.4999999999998, 7.557], [131.8, 0.707]]","[['CL1#28', 'CL1#16', 'CL1#82', 'CL1#6', 'CL1#32', 'CL1#95', 'CL1#30', 'CL1#48', 'CL1#86', 'CL1#20', 'CL1#15', 'CL1#3', 'CL1#97'], ['CL1#94', 'CL1#4', 'CL1#83', 'CL1#49', 'CL1#71', 'CL1#36', 'CL1#24', 'CL1#42', 'CL1#51', 'CL1#64', 'CL1#23', 'CL1#7', 'CL1#25'], ['CL1#96', 'CL1#58', 'CL1#85', 'CL1#100', 'CL1#65', 'CL1#40', 'CL1#89', 'CL1#90', 'CL1#17', 'CL1#50', 'CL1#26', 'CL1#87', 'CL1#35', 'CL1#74', 'CL1#11', 'CL1#52', 'CL1#45', 'CL1#29', 'CL1#56', 'CL1#81', 'CL1#13', 'CL1#88'], ['CL1#44', 'CL1#59', 'CL1#61', 'CL1#38', 'CL1#70', 'CL1#77', 'CL1#78', 'CL1#31', 'CL1#54', 'CL1#99', 'CL1#27', 'CL1#9', 'CL1#79', 'CL1#98', 'CL1#46'], ['CL1#76', 'CL1#91', 'CL1#62', 'CL1#1', 'CL1#66', 'CL1#8', 'CL1#68', 'CL1#63', 'CL1#84', 'CL1#92', 'CL1#60', 'CL1#19', 'CL1#22', 'CL1#57', 'CL1#2', 'CL1#39', 'CL1#75', 'CL1#21', 'CL1#12', 'CL1#67', 'CL1#53', 'CL1#14', 'CL1#80'], ['CL1#47', 'CL1#72', 'CL1#33', 'CL1#5', 'CL1#37', 'CL1#34', 'CL1#69', 'CL1#43', 'CL1#93', 'CL1#73', 'CL1#18', 'CL1#55', 'CL1#10'], ['CL1#41']]"
13,random all,10,2332572615,2332572615,"['Progress', 'Kounotori', 'Dragon', 'Cygnus', 'Cygnus', 'Progress', 'Kounotori']","[176785319, 422844735, 349980798, 391848523, 391849390, 176810427, 422453423]","[[2247.7, 7.209999999999999], [3316.1, 13.997], [2671.1, 9.793], [1997.0, 6.6000000000000005], [1884.1000000000004, 6.721000000000001], [2396.3000000000006, 6.426], [1415.6, 2.727]]","[['CL1#33', 'CL1#23', 'CL1#93', 'CL1#31', 'CL1#83', 'CL1#91', 'CL1#97', 'CL1#89', 'CL1#27', 'CL1#57', 'CL1#55', 'CL1#59', 'CL1#77'], ['CL1#76', 'CL1#65', 'CL1#3', 'CL1#7', 'CL1#99', 'CL1#28', 'CL1#92', 'CL1#37', 'CL1#66', 'CL1#82', 'CL1#29', 'CL1#20', 'CL1#88', 'CL1#9', 'CL1#43', 'CL1#51', 'CL1#15', 'CL1#80', 'CL1#38', 'CL1#67', 'CL1#73', 'CL1#72', 'CL1#58'], ['CL1#98', 'CL1#1', 'CL1#71', 'CL1#86', 'CL1#96', 'CL1#79', 'CL1#90', 'CL1#63', 'CL1#54', 'CL1#69', 'CL1#24', 'CL1#19', 'CL1#56', 'CL1#12', 'CL1#85', 'CL1#6', 'CL1#87', 'CL1#30'], ['CL1#13', 'CL1#2', 'CL1#49', 'CL1#26', 'CL1#74', 'CL1#45', 'CL1#41', 'CL1#61', 'CL1#64', 'CL1#53', 'CL1#36', 'CL1#5'], ['CL1#81', 'CL1#46', 'CL1#52', 'CL1#44', 'CL1#70', 'CL1#25', 'CL1#17', 'CL1#50', 'CL1#39', 'CL1#10', 'CL1#100', 'CL1#35', 'CL1#11', 'CL1#75'], ['CL1#68', 'CL1#95', 'CL1#8', 'CL1#42', 'CL1#47', 'CL1#40', 'CL1#48', 'CL1#78', 'CL1#60', 'CL1#21', 'CL1#84', 'CL1#94', 'CL1#22', 'CL1#14'], ['CL1#34', 'CL1#62', 'CL1#16', 'CL1#32', 'CL1#18', 'CL1#4']]","['Progress', 'Kounotori', 'Dragon', 'Cygnus', 'Cygnus', 'Progress', 'Kounotori']","[176785319, 422844735, 349980798, 391848523, 391849390, 176810427, 422453423]","[[2247.7, 7.209999999999999], [3316.1, 13.997], [2671.1, 9.793], [1997.0, 6.6000000000000005], [1884.1000000000004, 6.721000000000001], [2396.3000000000006, 6.426], [1415.6, 2.727]]","[['CL1#33', 'CL1#23', 'CL1#93', 'CL1#31', 'CL1#83', 'CL1#91', 'CL1#97', 'CL1#89', 'CL1#27', 'CL1#57', 'CL1#55', 'CL1#59', 'CL1#77'], ['CL1#76', 'CL1#65', 'CL1#3', 'CL1#7', 'CL1#99', 'CL1#28', 'CL1#92', 'CL1#37', 'CL1#66', 'CL1#82', 'CL1#29', 'CL1#20', 'CL1#88', 'CL1#9', 'CL1#43', 'CL1#51', 'CL1#15', 'CL1#80', 'CL1#38', 'CL1#67', 'CL1#73', 'CL1#72', 'CL1#58'], ['CL1#98', 'CL1#1', 'CL1#71', 'CL1#86', 'CL1#96', 'CL1#79', 'CL1#90', 'CL1#63', 'CL1#54', 'CL1#69', 'CL1#24', 'CL1#19', 'CL1#56', 'CL1#12', 'CL1#85', 'CL1#6', 'CL1#87', 'CL1#30'], ['CL1#13', 'CL1#2', 'CL1#49', 'CL1#26', 'CL1#74', 'CL1#45', 'CL1#41', 'CL1#61', 'CL1#64', 'CL1#53', 'CL1#36', 'CL1#5'], ['CL1#81', 'CL1#46', 'CL1#52', 'CL1#44', 'CL1#70', 'CL1#25', 'CL1#17', 'CL1#50', 'CL1#39', 'CL1#10', 'CL1#100', 'CL1#35', 'CL1#11', 'CL1#75'], ['CL1#68', 'CL1#95', 'CL1#8', 'CL1#42', 'CL1#47', 'CL1#40', 'CL1#48', 'CL1#78', 'CL1#60', 'CL1#21', 'CL1#84', 'CL1#94', 'CL1#22', 'CL1#14'], ['CL1#34', 'CL1#62', 'CL1#16', 'CL1#32', 'CL1#18', 'CL1#4']]"
14,random all,10,1895950672,1895950456,"['Kounotori', 'Dragon', 'Dragon', 'Kounotori', 'Dragon']","[423194704, 349909048, 350149456, 422907864, 349789600]","[[5087.8, 13.703], [2280.2, 9.998000000000003], [3422.2999999999997, 9.883000000000001], [3618.5, 13.817], [1519.1000000000004, 6.073]]","[['CL1#89', 'CL1#37', 'CL1#33', 'CL1#86', 'CL1#12', 'CL1#26', 'CL1#11', 'CL1#2', 'CL1#56', 'CL1#27', 'CL1#94', 'CL1#9', 'CL1#90', 'CL1#25', 'CL1#70', 'CL1#62', 'CL1#79', 'CL1#76', 'CL1#34', 'CL1#35', 'CL1#60', 'CL1#45', 'CL1#85', 'CL1#73', 'CL1#74', 'CL1#6', 'CL1#10', 'CL1#72', 'CL1#14', 'CL1#19', 'CL1#41'], ['CL1#24', 'CL1#99', 'CL1#4', 'CL1#48', 'CL1#47', 'CL1#42', 'CL1#81', 'CL1#67', 'CL1#96', 'CL1#5', 'CL1#21', 'CL1#29', 'CL1#75', 'CL1#28', 'CL1#95', 'CL1#3', 'CL1#23', 'CL1#84'], ['CL1#55', 'CL1#68', 'CL1#57', 'CL1#100', 'CL1#66', 'CL1#18', 'CL1#83', 'CL1#40', 'CL1#71', 'CL1#1', 'CL1#64', 'CL1#88', 'CL1#59', 'CL1#16', 'CL1#77', 'CL1#80', 'CL1#54', 'CL1#36', 'CL1#98', 'CL1#13'], ['CL1#15', 'CL1#87', 'CL1#22', 'CL1#58', 'CL1#50', 'CL1#38', 'CL1#43', 'CL1#8', 'CL1#53', 'CL1#51', 'CL1#17', 'CL1#97', 'CL1#31', 'CL1#91', 'CL1#63', 'CL1#46', 'CL1#52', 'CL1#78', 'CL1#92', 'CL1#61', 'CL1#69', 'CL1#82'], ['CL1#93', 'CL1#7', 'CL1#49', 'CL1#44', 'CL1#65', 'CL1#30', 'CL1#32', 'CL1#39', 'CL1#20']]","['Kounotori', 'Dragon', 'Dragon', 'Kounotori', 'Dragon']","[423194704, 349909048, 350149456, 422907864, 349789600]","[[5087.8, 13.703], [2280.2, 9.998000000000003], [3422.2999999999997, 9.883000000000001], [3618.5, 13.817], [1519.1000000000004, 6.073]]","[['CL1#89', 'CL1#37', 'CL1#33', 'CL1#86', 'CL1#12', 'CL1#26', 'CL1#11', 'CL1#2', 'CL1#56', 'CL1#27', 'CL1#94', 'CL1#9', 'CL1#90', 'CL1#25', 'CL1#70', 'CL1#62', 'CL1#79', 'CL1#76', 'CL1#34', 'CL1#35', 'CL1#60', 'CL1#45', 'CL1#85', 'CL1#73', 'CL1#74', 'CL1#6', 'CL1#10', 'CL1#72', 'CL1#14', 'CL1#19', 'CL1#41'], ['CL1#24', 'CL1#99', 'CL1#4', 'CL1#48', 'CL1#47', 'CL1#42', 'CL1#81', 'CL1#67', 'CL1#96', 'CL1#5', 'CL1#21', 'CL1#29', 'CL1#75', 'CL1#28', 'CL1#95', 'CL1#3', 'CL1#23', 'CL1#84'], ['CL1#55', 'CL1#68', 'CL1#57', 'CL1#100', 'CL1#66', 'CL1#18', 'CL1#83', 'CL1#40', 'CL1#71', 'CL1#1', 'CL1#64', 'CL1#88', 'CL1#59', 'CL1#16', 'CL1#77', 'CL1#80', 'CL1#54', 'CL1#36', 'CL1#98', 'CL1#13'], ['CL1#15', 'CL1#87', 'CL1#22', 'CL1#58', 'CL1#50', 'CL1#38', 'CL1#43', 'CL1#8', 'CL1#53', 'CL1#51', 'CL1#17', 'CL1#97', 'CL1#31', 'CL1#91', 'CL1#63', 'CL1#46', 'CL1#52', 'CL1#78', 'CL1#92', 'CL1#61', 'CL1#69', 'CL1#82'], ['CL1#93', 'CL1#7', 'CL1#49', 'CL1#44', 'CL1#65', 'CL1#30', 'CL1#32', 'CL1#39', 'CL1#20']]"
15,random all,10,1871629114,1871629114,"['Dragon', 'Progress', 'Progress', 'Cygnus', 'Kounotori', 'Progress', 'Progress']","[350179353, 176802788, 176739893, 391851183, 422768511, 176800634, 176486752]","[[3510.8000000000006, 9.944000000000004], [2309.1999999999994, 7.099], [2023.1000000000001, 7.551000000000002], [1992.7999999999997, 5.981999999999999], [3161.2000000000003, 13.647], [2338.1, 7.33], [592.7, 1.9209999999999998]]","[['CL1#89', 'CL1#78', 'CL1#29', 'CL1#38', 'CL1#36', 'CL1#20', 'CL1#68', 'CL1#94', 'CL1#48', 'CL1#40', 'CL1#10', 'CL1#85', 'CL1#53', 'CL1#30', 'CL1#70', 'CL1#95', 'CL1#73', 'CL1#41', 'CL1#21', 'CL1#6', 'CL1#3'], ['CL1#4', 'CL1#45', 'CL1#12', 'CL1#43', 'CL1#66', 'CL1#34', 'CL1#67', 'CL1#56', 'CL1#99', 'CL1#86', 'CL1#87', 'CL1#19', 'CL1#44', 'CL1#25', 'CL1#7', 'CL1#59'], ['CL1#27', 'CL1#39', 'CL1#91', 'CL1#90', 'CL1#96', 'CL1#31', 'CL1#16', 'CL1#11', 'CL1#49', 'CL1#63', 'CL1#23', 'CL1#60', 'CL1#65'], ['CL1#50', 'CL1#88', 'CL1#22', 'CL1#75', 'CL1#28', 'CL1#61', 'CL1#18', 'CL1#1', 'CL1#71', 'CL1#51', 'CL1#81'], ['CL1#76', 'CL1#83', 'CL1#54', 'CL1#14', 'CL1#15', 'CL1#42', 'CL1#37', 'CL1#9', 'CL1#46', 'CL1#52', 'CL1#92', 'CL1#55', 'CL1#62', 'CL1#98', 'CL1#64', 'CL1#35', 'CL1#77', 'CL1#80', 'CL1#100', 'CL1#58', 'CL1#82', 'CL1#84'], ['CL1#5', 'CL1#17', 'CL1#32', 'CL1#69', 'CL1#79', 'CL1#26', 'CL1#33', 'CL1#57', 'CL1#24', 'CL1#72', 'CL1#2', 'CL1#8', 'CL1#97'], ['CL1#74', 'CL1#13', 'CL1#47', 'CL1#93']]","['Dragon', 'Progress', 'Progress', 'Cygnus', 'Kounotori', 'Progress', 'Progress']","[350179353, 176802788, 176739893, 391851183, 422768511, 176800634, 176486752]","[[3510.8000000000006, 9.944000000000004], [2309.1999999999994, 7.099], [2023.1000000000001, 7.551000000000002], [1992.7999999999997, 5.981999999999999], [3161.2000000000003, 13.647], [2338.1, 7.33], [592.7, 1.9209999999999998]]","[['CL1#89', 'CL1#78', 'CL1#29', 'CL1#38', 'CL1#36', 'CL1#20', 'CL1#68', 'CL1#94', 'CL1#48', 'CL1#40', 'CL1#10', 'CL1#85', 'CL1#53', 'CL1#30', 'CL1#70', 'CL1#95', 'CL1#73', 'CL1#41', 'CL1#21', 'CL1#6', 'CL1#3'], ['CL1#4', 'CL1#45', 'CL1#12', 'CL1#43', 'CL1#66', 'CL1#34', 'CL1#67', 'CL1#56', 'CL1#99', 'CL1#86', 'CL1#87', 'CL1#19', 'CL1#44', 'CL1#25', 'CL1#7', 'CL1#59'], ['CL1#27', 'CL1#39', 'CL1#91', 'CL1#90', 'CL1#96', 'CL1#31', 'CL1#16', 'CL1#11', 'CL1#49', 'CL1#63', 'CL1#23', 'CL1#60', 'CL1#65'], ['CL1#50', 'CL1#88', 'CL1#22', 'CL1#75', 'CL1#28', 'CL1#61', 'CL1#18', 'CL1#1', 'CL1#71', 'CL1#51', 'CL1#81'], ['CL1#76', 'CL1#83', 'CL1#54', 'CL1#14', 'CL1#15', 'CL1#42', 'CL1#37', 'CL1#9', 'CL1#46', 'CL1#52', 'CL1#92', 'CL1#55', 'CL1#62', 'CL1#98', 'CL1#64', 'CL1#35', 'CL1#77', 'CL1#80', 'CL1#100', 'CL1#58', 'CL1#82', 'CL1#84'], ['CL1#5', 'CL1#17', 'CL1#32', 'CL1#69', 'CL1#79', 'CL1#26', 'CL1#33', 'CL1#57', 'CL1#24', 'CL1#72', 'CL1#2', 'CL1#8', 'CL1#97'], ['CL1#74', 'CL1#13', 'CL1#47', 'CL1#93']]"
16,random all,10,2256667346,2256667346,"['Dragon', 'Kounotori', 'Cygnus', 'Cygnus', 'Dragon', 'Dragon']","[350186954, 422944576, 391845684, 391844699, 350090004, 349755429]","[[3682.5, 9.331999999999997], [3800.9999999999995, 13.990000000000002], [1964.1999999999996, 9.735999999999999], [1884.9999999999998, 5.358], [3127.3999999999996, 9.874000000000002], [1467.8000000000002, 5.183999999999999]]","[['CL1#60', 'CL1#21', 'CL1#40', 'CL1#81', 'CL1#53', 'CL1#61', 'CL1#14', 'CL1#32', 'CL1#38', 'CL1#95', 'CL1#18', 'CL1#91', 'CL1#4', 'CL1#89', 'CL1#96', 'CL1#69', 'CL1#49', 'CL1#52', 'CL1#25', 'CL1#29'], ['CL1#99', 'CL1#3', 'CL1#48', 'CL1#27', 'CL1#84', 'CL1#83', 'CL1#46', 'CL1#80', 'CL1#65', 'CL1#23', 'CL1#88', 'CL1#55', 'CL1#36', 'CL1#73', 'CL1#26', 'CL1#45', 'CL1#44', 'CL1#97', 'CL1#20', 'CL1#9', 'CL1#87', 'CL1#8', 'CL1#74', 'CL1#7', 'CL1#13', 'CL1#34', 'CL1#70'], ['CL1#63', 'CL1#15', 'CL1#35', 'CL1#41', 'CL1#33', 'CL1#28', 'CL1#78', 'CL1#30', 'CL1#11', 'CL1#1', 'CL1#72', 'CL1#54', 'CL1#12', 'CL1#92'], ['CL1#64', 'CL1#100', 'CL1#62', 'CL1#22', 'CL1#79', 'CL1#85', 'CL1#90', 'CL1#16', 'CL1#43', 'CL1#57', 'CL1#50'], ['CL1#58', 'CL1#75', 'CL1#71', 'CL1#6', 'CL1#10', 'CL1#39', 'CL1#2', 'CL1#37', 'CL1#47', 'CL1#68', 'CL1#31', 'CL1#93', 'CL1#42', 'CL1#98', 'CL1#77', 'CL1#17', 'CL1#19', 'CL1#67', 'CL1#76'], ['CL1#51', 'CL1#5', 'CL1#56', 'CL1#82', 'CL1#59', 'CL1#86', 'CL1#66', 'CL1#94', 'CL1#24']]","['Dragon', 'Kounotori', 'Cygnus', 'Cygnus', 'Dragon', 'Dragon']","[350186954, 422944576, 391845684, 391844699, 350090004, 349755429]","[[3682.5, 9.331999999999997], [3800.9999999999995, 13.990000000000002], [1964.1999999999996, 9.735999999999999], [1884.9999999999998, 5.358], [3127.3999999999996, 9.874000000000002], [1467.8000000000002, 5.183999999999999]]","[['CL1#60', 'CL1#21', 'CL1#40', 'CL1#81', 'CL1#53', 'CL1#61', 'CL1#14', 'CL1#32', 'CL1#38', 'CL1#95', 'CL1#18', 'CL1#91', 'CL1#4', 'CL1#89', 'CL1#96', 'CL1#69', 'CL1#49', 'CL1#52', 'CL1#25', 'CL1#29'], ['CL1#99', 'CL1#3', 'CL1#48', 'CL1#27', 'CL1#84', 'CL1#83', 'CL1#46', 'CL1#80', 'CL1#65', 'CL1#23', 'CL1#88', 'CL1#55', 'CL1#36', 'CL1#73', 'CL1#26', 'CL1#45', 'CL1#44', 'CL1#97', 'CL1#20', 'CL1#9', 'CL1#87', 'CL1#8', 'CL1#74', 'CL1#7', 'CL1#13', 'CL1#34', 'CL1#70'], ['CL1#63', 'CL1#15', 'CL1#35', 'CL1#41', 'CL1#33', 'CL1#28', 'CL1#78', 'CL1#30', 'CL1#11', 'CL1#1', 'CL1#72', 'CL1#54', 'CL1#12', 'CL1#92'], ['CL1#64', 'CL1#100', 'CL1#62', 'CL1#22', 'CL1#79', 'CL1#85', 'CL1#90', 'CL1#16', 'CL1#43', 'CL1#57', 'CL1#50'], ['CL1#58', 'CL1#75', 'CL1#71', 'CL1#6', 'CL1#10', 'CL1#39', 'CL1#2', 'CL1#37', 'CL1#47', 'CL1#68', 'CL1#31', 'CL1#93', 'CL1#42', 'CL1#98', 'CL1#77', 'CL1#17', 'CL1#19', 'CL1#67', 'CL1#76'], ['CL1#51', 'CL1#5', 'CL1#56', 'CL1#82', 'CL1#59', 'CL1#86', 'CL1#66', 'CL1#94', 'CL1#24']]"
17,random all,10,1968668786,1968668786,"['Dragon', 'Kounotori', 'Kounotori', 'Kounotori', 'Dragon']","[350145928, 423089777, 422931358, 422994363, 349507360]","[[3235.7, 9.969999999999995], [4503.5, 13.992999999999999], [3736.7999999999993, 13.999999999999998], [4211.9, 13.795], [240.00000000000003, 1.7159999999999997]]","[['CL1#26', 'CL1#9', 'CL1#46', 'CL1#17', 'CL1#14', 'CL1#11', 'CL1#27', 'CL1#100', 'CL1#54', 'CL1#20', 'CL1#15', 'CL1#65', 'CL1#80', 'CL1#72', 'CL1#24', 'CL1#49', 'CL1#66', 'CL1#29', 'CL1#19', 'CL1#21', 'CL1#6', 'CL1#70'], ['CL1#84', 'CL1#61', 'CL1#81', 'CL1#1', 'CL1#34', 'CL1#96', 'CL1#63', 'CL1#8', 'CL1#42', 'CL1#87', 'CL1#60', 'CL1#16', 'CL1#67', 'CL1#83', 'CL1#13', 'CL1#56', 'CL1#79', 'CL1#31', 'CL1#33', 'CL1#85', 'CL1#3', 'CL1#25', 'CL1#88', 'CL1#92', 'CL1#35', 'CL1#68', 'CL1#18', 'CL1#77', 'CL1#75', 'CL1#93'], ['CL1#89', 'CL1#99', 'CL1#98', 'CL1#82', 'CL1#30', 'CL1#94', 'CL1#43', 'CL1#2', 'CL1#5', 'CL1#12', 'CL1#59', 'CL1#40', 'CL1#7', 'CL1#52', 'CL1#58', 'CL1#48', 'CL1#44', 'CL1#97', 'CL1#74', 'CL1#91', 'CL1#78', 'CL1#69', 'CL1#71'], ['CL1#57', 'CL1#4', 'CL1#86', 'CL1#53', 'CL1#37', 'CL1#95', 'CL1#90', 'CL1#45', 'CL1#10', 'CL1#76', 'CL1#28', 'CL1#38', 'CL1#73', 'CL1#39', 'CL1#50', 'CL1#23', 'CL1#22', 'CL1#47', 'CL1#64', 'CL1#32', 'CL1#62', 'CL1#51', 'CL1#36'], ['CL1#55', 'CL1#41']]","['Dragon', 'Kounotori', 'Kounotori', 'Kounotori', 'Dragon']","[350145928, 423089777, 422931358, 422994363, 349507360]","[[3235.7, 9.969999999999995], [4503.5, 13.992999999999999], [3736.7999999999993, 13.999999999999998], [4211.9, 13.795], [240.00000000000003, 1.7159999999999997]]","[['CL1#26', 'CL1#9', 'CL1#46', 'CL1#17', 'CL1#14', 'CL1#11', 'CL1#27', 'CL1#100', 'CL1#54', 'CL1#20', 'CL1#15', 'CL1#65', 'CL1#80', 'CL1#72', 'CL1#24', 'CL1#49', 'CL1#66', 'CL1#29', 'CL1#19', 'CL1#21', 'CL1#6', 'CL1#70'], ['CL1#84', 'CL1#61', 'CL1#81', 'CL1#1', 'CL1#34', 'CL1#96', 'CL1#63', 'CL1#8', 'CL1#42', 'CL1#87', 'CL1#60', 'CL1#16', 'CL1#67', 'CL1#83', 'CL1#13', 'CL1#56', 'CL1#79', 'CL1#31', 'CL1#33', 'CL1#85', 'CL1#3', 'CL1#25', 'CL1#88', 'CL1#92', 'CL1#35', 'CL1#68', 'CL1#18', 'CL1#77', 'CL1#75', 'CL1#93'], ['CL1#89', 'CL1#99', 'CL1#98', 'CL1#82', 'CL1#30', 'CL1#94', 'CL1#43', 'CL1#2', 'CL1#5', 'CL1#12', 'CL1#59', 'CL1#40', 'CL1#7', 'CL1#52', 'CL1#58', 'CL1#48', 'CL1#44', 'CL1#97', 'CL1#74', 'CL1#91', 'CL1#78', 'CL1#69', 'CL1#71'], ['CL1#57', 'CL1#4', 'CL1#86', 'CL1#53', 'CL1#37', 'CL1#95', 'CL1#90', 'CL1#45', 'CL1#10', 'CL1#76', 'CL1#28', 'CL1#38', 'CL1#73', 'CL1#39', 'CL1#50', 'CL1#23', 'CL1#22', 'CL1#47', 'CL1#64', 'CL1#32', 'CL1#62', 'CL1#51', 'CL1#36'], ['CL1#55', 'CL1#41']]"
18,random all,10,1944323694,1944323694,"['Progress', 'Cygnus', 'Progress', 'Progress', 'Kounotori', 'Progress', 'Kounotori']","[176808445, 391849961, 176812351, 176802788, 423049441, 176737969, 422262739]","[[2351.1000000000004, 7.3709999999999996], [1930.9999999999998, 8.665], [2399.7, 6.667], [2350.0, 7.566], [4180.399999999999, 13.840999999999996], [2025.8999999999999, 6.465], [689.8, 2.899]]","[['CL1#73', 'CL1#77', 'CL1#60', 'CL1#56', 'CL1#22', 'CL1#6', 'CL1#35', 'CL1#34', 'CL1#75', 'CL1#25', 'CL1#29', 'CL1#84', 'CL1#30', 'CL1#12', 'CL1#98', 'CL1#15', 'CL1#20'], ['CL1#45', 'CL1#97', 'CL1#43', 'CL1#53', 'CL1#100', 'CL1#23', 'CL1#9', 'CL1#5', 'CL1#92', 'CL1#90', 'CL1#70', 'CL1#96', 'CL1#99'], ['CL1#42', 'CL1#40', 'CL1#28', 'CL1#78', 'CL1#27', 'CL1#66', 'CL1#19', 'CL1#93', 'CL1#51', 'CL1#39', 'CL1#3', 'CL1#17'], ['CL1#85', 'CL1#88', 'CL1#1', 'CL1#61', 'CL1#16', 'CL1#65', 'CL1#67', 'CL1#86', 'CL1#49', 'CL1#18', 'CL1#46', 'CL1#44', 'CL1#80', 'CL1#50'], ['CL1#76', 'CL1#31', 'CL1#7', 'CL1#83', 'CL1#21', 'CL1#55', 'CL1#4', 'CL1#91', 'CL1#36', 'CL1#11', 'CL1#79', 'CL1#33', 'CL1#32', 'CL1#82', 'CL1#38', 'CL1#2', 'CL1#63', 'CL1#57', 'CL1#13', 'CL1#59', 'CL1#8', 'CL1#52', 'CL1#72', 'CL1#41', 'CL1#74', 'CL1#47'], ['CL1#95', 'CL1#81', 'CL1#10', 'CL1#14', 'CL1#89', 'CL1#68', 'CL1#94', 'CL1#64', 'CL1#24', 'CL1#71', 'CL1#48', 'CL1#54', 'CL1#69', 'CL1#26'], ['CL1#37', 'CL1#62', 'CL1#58', 'CL1#87']]","['Progress', 'Cygnus', 'Progress', 'Progress', 'Kounotori', 'Progress', 'Kounotori']","[176808445, 391849961, 176812351, 176802788, 423049441, 176737969, 422262739]","[[2351.1000000000004, 7.3709999999999996], [1930.9999999999998, 8.665], [2399.7, 6.667], [2350.0, 7.566], [4180.399999999999, 13.840999999999996], [2025.8999999999999, 6.465], [689.8, 2.899]]","[['CL1#73', 'CL1#77', 'CL1#60', 'CL1#56', 'CL1#22', 'CL1#6', 'CL1#35', 'CL1#34', 'CL1#75', 'CL1#25', 'CL1#29', 'CL1#84', 'CL1#30', 'CL1#12', 'CL1#98', 'CL1#15', 'CL1#20'], ['CL1#45', 'CL1#97', 'CL1#43', 'CL1#53', 'CL1#100', 'CL1#23', 'CL1#9', 'CL1#5', 'CL1#92', 'CL1#90', 'CL1#70', 'CL1#96', 'CL1#99'], ['CL1#42', 'CL1#40', 'CL1#28', 'CL1#78', 'CL1#27', 'CL1#66', 'CL1#19', 'CL1#93', 'CL1#51', 'CL1#39', 'CL1#3', 'CL1#17'], ['CL1#85', 'CL1#88', 'CL1#1', 'CL1#61', 'CL1#16', 'CL1#65', 'CL1#67', 'CL1#86', 'CL1#49', 'CL1#18', 'CL1#46', 'CL1#44', 'CL1#80', 'CL1#50'], ['CL1#76', 'CL1#31', 'CL1#7', 'CL1#83', 'CL1#21', 'CL1#55', 'CL1#4', 'CL1#91', 'CL1#36', 'CL1#11', 'CL1#79', 'CL1#33', 'CL1#32', 'CL1#82', 'CL1#38', 'CL1#2', 'CL1#63', 'CL1#57', 'CL1#13', 'CL1#59', 'CL1#8', 'CL1#52', 'CL1#72', 'CL1#41', 'CL1#74', 'CL1#47'], ['CL1#95', 'CL1#81', 'CL1#10', 'CL1#14', 'CL1#89', 'CL1#68', 'CL1#94', 'CL1#64', 'CL1#24', 'CL1#71', 'CL1#48', 'CL1#54', 'CL1#69', 'CL1#26'], ['CL1#37', 'CL1#62', 'CL1#58', 'CL1#87']]"
19,random all,10,2256668699,2256668699,"['Kounotori', 'Cygnus', 'Dragon', 'Dragon', 'Cygnus', 'Dragon']","[423014212, 391850375, 350142320, 349928241, 391844502, 349889049]","[[4142.000000000001, 13.906], [1985.2000000000005, 7.270999999999999], [3528.5999999999995, 9.837], [2391.599999999999, 9.205], [1855.4, 5.904999999999999], [2025.1000000000004, 7.349999999999999]]","[['CL1#64', 'CL1#82', 'CL1#98', 'CL1#80', 'CL1#44', 'CL1#55', 'CL1#6', 'CL1#13', 'CL1#39', 'CL1#3', 'CL1#84', 'CL1#90', 'CL1#18', 'CL1#2', 'CL1#86', 'CL1#49', 'CL1#45', 'CL1#76', 'CL1#65', 'CL1#63', 'CL1#52', 'CL1#78', 'CL1#16', 'CL1#72', 'CL1#29'], ['CL1#75', 'CL1#71', 'CL1#67', 'CL1#17', 'CL1#28', 'CL1#43', 'CL1#21', 'CL1#97', 'CL1#66', 'CL1#36', 'CL1#87', 'CL1#70', 'CL1#38', 'CL1#83', 'CL1#20', 'CL1#95'], ['CL1#58', 'CL1#34', 'CL1#79', 'CL1#85', 'CL1#81', 'CL1#62', 'CL1#88', 'CL1#91', 'CL1#57', 'CL1#25', 'CL1#7', 'CL1#1', 'CL1#96', 'CL1#54', 'CL1#48', 'CL1#14', 'CL1#77', 'CL1#9', 'CL1#32', 'CL1#59'], ['CL1#94', 'CL1#61', 'CL1#89', 'CL1#30', 'CL1#5', 'CL1#4', 'CL1#19', 'CL1#53', 'CL1#92', 'CL1#99', 'CL1#26', 'CL1#31', 'CL1#35', 'CL1#11', 'CL1#69'], ['CL1#93', 'CL1#68', 'CL1#8', 'CL1#73', 'CL1#46', 'CL1#33', 'CL1#50', 'CL1#23', 'CL1#100', 'CL1#15', 'CL1#27'], ['CL1#40', 'CL1#74', 'CL1#10', 'CL1#22', 'CL1#24', 'CL1#51', 'CL1#47', 'CL1#41', 'CL1#37', 'CL1#42', 'CL1#60', 'CL1#56', 'CL1#12']]","['Kounotori', 'Cygnus', 'Dragon', 'Dragon', 'Cygnus', 'Dragon']","[423014212, 391850375, 350142320, 349928241, 391844502, 349889049]","[[4142.000000000001, 13.906], [1985.2000000000005, 7.270999999999999], [3528.5999999999995, 9.837], [2391.599999999999, 9.205], [1855.4, 5.904999999999999], [2025.1000000000004, 7.349999999999999]]","[['CL1#64', 'CL1#82', 'CL1#98', 'CL1#80', 'CL1#44', 'CL1#55', 'CL1#6', 'CL1#13', 'CL1#39', 'CL1#3', 'CL1#84', 'CL1#90', 'CL1#18', 'CL1#2', 'CL1#86', 'CL1#49', 'CL1#45', 'CL1#76', 'CL1#65', 'CL1#63', 'CL1#52', 'CL1#78', 'CL1#16', 'CL1#72', 'CL1#29'], ['CL1#75', 'CL1#71', 'CL1#67', 'CL1#17', 'CL1#28', 'CL1#43', 'CL1#21', 'CL1#97', 'CL1#66', 'CL1#36', 'CL1#87', 'CL1#70', 'CL1#38', 'CL1#83', 'CL1#20', 'CL1#95'], ['CL1#58', 'CL1#34', 'CL1#79', 'CL1#85', 'CL1#81', 'CL1#62', 'CL1#88', 'CL1#91', 'CL1#57', 'CL1#25', 'CL1#7', 'CL1#1', 'CL1#96', 'CL1#54', 'CL1#48', 'CL1#14', 'CL1#77', 'CL1#9', 'CL1#32', 'CL1#59'], ['CL1#94', 'CL1#61', 'CL1#89', 'CL1#30', 'CL1#5', 'CL1#4', 'CL1#19', 'CL1#53', 'CL1#92', 'CL1#99', 'CL1#26', 'CL1#31', 'CL1#35', 'CL1#11', 'CL1#69'], ['CL1#93', 'CL1#68', 'CL1#8', 'CL1#73', 'CL1#46', 'CL1#33', 'CL1#50', 'CL1#23', 'CL1#100', 'CL1#15', 'CL1#27'], ['CL1#40', 'CL1#74', 'CL1#10', 'CL1#22', 'CL1#24', 'CL1#51', 'CL1#47', 'CL1#41', 'CL1#37', 'CL1#42', 'CL1#60', 'CL1#56', 'CL1#12']]"
